ID,Age,Experience,Income,ZIP.Code,Family,CCAvg,Education,Mortgage,Personal.Loan,Securities.Account,CD.Account,Online,CreditCard
3500,49,23,114,94550,1,0.3,1,286,0,0,0,1,0
3501,51,26,90,94110,1,2.8,2,0,0,0,0,1,1
3502,65,39,105,91380,4,1.7,3,0,0,1,0,1,0
3503,32,8,58,95616,3,2,1,90,0,0,0,1,0
3504,29,3,53,95814,4,2.1,3,0,0,0,0,1,0
3505,46,20,15,95370,4,0.6,3,0,0,1,0,1,0
3506,64,39,103,90304,1,0.8,3,0,0,0,0,1,1
3507,27,1,58,95827,4,1.8,2,154,0,0,1,1,1
3508,50,23,83,91791,1,2.67,2,0,0,0,1,1,1
3509,33,9,125,92182,1,4.3,3,0,1,0,0,1,0
3510,38,12,61,91330,3,0.9,3,0,0,0,0,0,0
3511,38,11,69,92124,3,2.33,2,0,0,0,0,0,0
3512,37,11,89,94609,1,1.5,3,0,0,0,0,1,0
3513,46,20,70,90405,4,2.9,1,0,0,0,0,0,1
3514,31,4,39,94501,2,1,2,0,0,0,0,0,0
3515,35,9,41,90024,4,1.2,2,0,0,0,0,1,0
3516,50,26,148,94143,2,0.4,1,508,0,0,0,0,0
3517,45,21,38,93943,3,0.6,2,148,0,0,0,1,0
3518,30,6,95,94234,1,3.9,3,146,1,0,0,0,1
3519,60,36,129,95039,2,6,1,0,0,0,0,0,0
3520,31,5,84,94720,4,1.8,2,0,0,1,0,1,0
3521,60,35,29,92126,3,1.3,2,0,0,0,0,0,0
3522,36,10,30,91711,2,0.8,3,0,0,0,0,1,0
3523,64,40,90,94028,2,0,3,134,0,0,0,0,0
3524,29,4,150,91302,1,0.8,1,0,0,0,0,0,1
3525,58,33,15,94583,4,0.9,2,0,0,0,0,0,0
3526,59,34,13,96651,4,0.9,2,0,0,0,0,0,0
3527,58,33,9,95008,2,0.2,3,0,0,0,0,1,0
3528,35,10,24,95054,4,1.1,3,0,0,0,0,0,0
3529,43,17,41,90210,3,2.2,2,0,0,0,0,1,0
3530,33,7,25,94132,4,1,1,0,0,0,0,1,1
3531,54,28,49,90073,4,2.8,2,0,0,1,0,0,0
3532,38,12,58,94542,3,0.9,3,128,0,0,0,0,1
3533,38,12,141,94022,2,0,1,0,0,0,0,1,1
3534,57,32,50,94545,4,2.1,1,211,0,0,0,0,0
3535,34,10,61,95006,3,2,1,0,0,0,0,0,1
3536,52,27,65,92104,1,1.2,1,0,0,0,0,1,1
3537,50,24,112,94005,1,0.3,1,229,0,0,0,0,0
3538,60,34,19,92093,3,0.3,3,0,0,0,0,1,0
3539,26,0,23,93561,1,0.1,2,0,0,0,0,0,0
3540,56,30,60,91380,1,2.2,3,0,0,0,0,0,0
3541,39,15,30,94305,4,0.3,1,0,0,1,0,0,1
3542,45,20,144,92106,4,5.4,1,210,1,0,0,1,0
3543,30,5,118,92182,4,3,3,0,1,0,0,1,0
3544,37,11,194,94303,2,0,1,0,0,0,0,0,0
3545,45,19,109,92037,3,1.1,1,0,0,0,0,0,0
3546,48,22,174,95827,1,2.4,1,0,0,0,0,1,0
3547,65,40,34,94720,1,1.1,3,119,0,0,0,1,1
3548,46,20,84,92354,3,0.7,2,0,0,0,0,1,0
3549,40,16,41,91107,1,2,2,0,0,0,0,0,1
3550,33,7,92,90840,3,1.6,1,0,0,0,0,0,0
3551,40,10,19,94609,1,0.75,3,116,0,0,0,0,0
3552,60,35,55,92807,3,0.5,2,172,0,0,0,0,0
3553,51,27,22,93106,4,0.5,2,0,0,0,0,1,1
3554,41,16,155,95070,1,7,1,0,0,0,0,0,0
3555,37,13,72,92407,4,2,3,0,0,1,0,0,0
3556,35,9,81,91107,1,2.7,2,0,0,0,0,1,0
3557,35,11,30,94303,1,1.7,1,0,0,1,0,0,1
3558,46,20,54,90755,4,2.9,1,189,0,0,0,1,1
3559,60,34,60,94065,3,2.5,1,0,0,0,0,1,0
3560,51,25,68,94065,1,1.5,2,0,0,0,0,0,0
3561,31,5,65,94591,4,2.2,2,126,0,0,0,1,0
3562,30,6,31,94720,3,1,2,142,0,0,0,0,0
3563,32,8,169,94596,1,6.5,3,272,1,1,1,1,0
3564,53,27,139,94998,1,0.9,3,0,1,0,0,0,0
3565,33,7,29,94720,1,0.6,3,0,0,0,0,0,0
3566,40,15,43,92120,2,1.1,2,0,0,0,0,0,1
3567,57,33,80,92064,2,2.8,1,0,0,0,0,1,1
3568,51,26,43,91040,1,1.3,2,123,0,0,0,1,0
3569,30,4,194,93407,2,4.5,1,0,0,0,0,0,1
3570,41,15,24,92130,2,0.8,3,0,0,1,0,1,0
3571,54,29,32,91107,2,0.6,3,0,0,0,0,1,1
3572,42,18,153,93955,3,5.6,1,416,1,0,0,0,0
3573,30,6,30,90245,1,0.4,3,0,0,0,0,1,1
3574,60,36,165,90095,3,5.6,1,0,1,0,0,0,1
3575,56,30,64,95123,3,0.3,2,0,0,0,0,0,1
3576,63,38,15,94305,4,0.6,2,83,0,0,0,0,0
3577,56,30,70,90245,3,0.3,2,0,0,0,0,0,0
3578,39,9,32,91016,3,2,3,0,0,0,0,1,0
3579,29,5,128,91302,2,4.1,2,209,1,0,0,1,0
3580,28,2,84,94305,1,2.9,3,102,0,1,1,0,1
3581,41,16,62,94553,2,2.2,3,0,0,0,0,1,1
3582,28,4,33,91330,3,1,2,0,0,0,0,0,1
3583,49,25,65,92354,1,0,1,0,0,0,0,1,0
3584,30,3,33,95112,4,1.5,2,85,0,0,0,0,0
3585,63,37,15,92121,1,0.8,2,115,0,0,0,1,0
3586,45,18,45,92037,3,1,2,0,0,0,0,1,0
3587,40,15,132,94131,2,3.9,1,0,0,0,0,1,0
3588,28,4,29,94080,3,0.1,2,0,0,0,0,1,0
3589,62,38,65,91768,1,0,2,0,0,0,0,1,0
3590,38,12,52,92807,2,2.4,2,147,0,0,0,0,0
3591,32,7,64,92630,2,0.1,1,0,0,0,0,1,1
3592,58,32,73,94109,2,2.3,3,224,0,0,0,1,1
3593,33,3,20,94704,1,0.67,3,0,0,0,0,0,0
3594,60,34,44,90018,2,0.3,1,192,0,0,0,1,0
3595,34,8,79,95616,1,2.5,1,0,0,0,0,1,0
3596,38,14,104,90025,2,1.8,2,79,0,0,0,0,0
3597,44,20,88,94720,1,4.7,1,0,0,0,0,0,0
3598,56,26,51,92028,3,2,3,0,0,0,0,1,0
3599,37,11,61,95120,3,0.9,2,0,0,0,0,0,0
3600,45,19,23,93101,2,0.1,3,91,0,0,1,1,1
3601,44,20,38,90018,2,2.1,3,95,0,0,0,1,0
3602,37,13,75,94305,3,2.6,2,0,0,1,0,0,0
3603,47,21,42,95841,4,0.1,1,0,0,0,0,1,1
3604,51,25,45,92407,4,0.1,1,0,0,0,0,1,1
3605,63,38,59,92612,3,0.5,2,0,0,0,0,1,0
3606,61,31,130,92333,2,2.6,3,0,1,0,0,0,0
3607,43,18,9,96145,2,0,3,96,0,0,0,1,1
3608,41,15,62,90401,3,0.9,3,0,0,0,0,0,0
3609,59,35,202,94025,1,4.7,1,553,0,0,0,0,0
3610,29,5,162,94022,1,4.3,1,0,0,0,0,0,1
3611,32,6,93,90029,3,1.6,1,79,0,0,0,1,0
3612,64,39,145,92705,1,0.9,1,0,0,0,0,0,0
3613,50,25,99,90245,1,4.6,1,368,1,1,1,0,1
3614,35,11,148,92672,1,5.8,3,0,1,0,0,1,0
3615,34,10,154,94583,3,5.4,2,0,1,0,0,1,0
3616,58,34,149,95616,2,6,1,0,0,0,0,1,1
3617,41,15,69,92507,1,1.5,3,78,0,0,0,1,0
3618,37,11,30,94304,2,0.3,1,146,0,0,0,0,0
3619,35,8,48,92697,2,1,2,0,0,0,0,1,0
3620,45,20,42,94703,1,0.3,3,0,0,0,0,1,0
3621,53,29,132,95020,2,0.3,1,403,0,0,0,0,0
3622,53,27,81,91730,3,1.7,2,193,0,0,0,1,0
3623,54,29,60,94901,4,3.8,2,0,0,0,0,1,1
3624,28,3,45,91105,4,1.7,2,95,0,0,0,0,0
3625,58,28,70,92028,1,1.4,3,0,0,0,0,0,0
3626,47,21,71,92037,4,2.9,1,0,0,0,0,1,0
3627,24,-3,28,90089,4,1,3,0,0,0,0,0,0
3628,27,1,83,90034,2,0.2,1,0,0,0,0,0,1
3629,42,18,131,94949,1,3.4,1,0,0,0,0,0,1
3630,50,26,82,95051,1,0,1,0,0,0,0,1,1
3631,41,16,79,95020,1,4,3,225,0,0,0,1,0
3632,46,21,51,90089,4,1.9,3,0,0,0,0,0,0
3633,46,20,111,95307,2,6.3,1,0,0,0,0,0,1
3634,51,25,93,90048,1,0.3,1,0,0,0,0,1,0
3635,59,35,73,90009,4,2.3,3,0,0,0,0,0,0
3636,58,33,24,95616,2,0.5,2,0,0,0,0,1,0
3637,37,11,64,96094,3,0.9,2,0,0,0,0,1,0
3638,39,14,104,94608,3,1,1,242,0,0,0,1,0
3639,47,22,38,92866,4,1.9,3,0,0,0,0,1,0
3640,51,26,191,94063,1,8.1,1,0,0,1,0,1,0
3641,64,34,53,95821,4,1.67,3,0,0,0,0,0,1
3642,59,35,74,94402,4,2.3,3,0,0,0,0,0,0
3643,55,29,21,92704,4,0.7,3,0,0,1,0,1,0
3644,57,32,80,92606,3,1.6,3,144,0,0,0,1,1
3645,59,33,41,91711,4,2.5,1,174,0,0,0,0,0
3646,42,17,79,92103,1,3.7,3,0,0,1,0,0,1
3647,34,9,141,92056,3,6.9,2,260,1,0,0,1,0
3648,41,14,32,91605,3,1,2,0,0,0,0,0,1
3649,43,13,38,95616,3,2,3,0,0,0,0,1,0
3650,53,29,85,92691,3,1.8,2,0,0,0,0,1,0
3651,47,21,93,91604,2,0.8,3,107,0,0,0,0,0
3652,49,23,140,90504,1,1.9,3,0,1,0,0,0,1
3653,35,9,69,94704,4,2.2,2,0,0,0,0,0,1
3654,52,27,32,92521,2,2,2,0,0,0,0,0,1
3655,53,28,61,94061,4,0.9,1,177,0,0,0,0,0
3656,48,22,125,90086,1,2.4,1,0,0,0,0,1,0
3657,35,8,30,95014,4,1,2,0,0,1,0,0,0
3658,52,26,104,94025,2,2.4,2,0,0,0,0,1,1
3659,60,35,24,92612,1,0.1,1,0,0,0,0,0,0
3660,33,7,22,94002,1,0.4,2,0,0,0,0,0,0
3661,38,12,59,93401,2,2.4,2,0,0,0,0,0,0
3662,29,4,120,94553,1,4.1,2,0,1,1,1,0,1
3663,35,9,164,94305,2,0,1,500,0,0,0,0,0
3664,26,2,60,94111,4,1.6,1,0,0,0,1,1,1
3665,48,24,43,91791,3,1.9,2,0,0,0,0,1,0
3666,43,19,70,91711,3,2.33,1,0,0,1,0,0,0
3667,60,35,51,94143,2,2.8,1,0,0,0,0,1,0
3668,27,3,59,94590,4,1.6,1,0,0,0,0,1,0
3669,38,13,129,92037,4,0.3,3,75,1,0,0,1,0
3670,40,15,22,95616,2,1.4,2,0,0,0,0,1,1
3671,38,14,29,94402,4,0.4,2,0,0,0,0,1,0
3672,50,25,18,93106,1,0.4,3,0,0,0,0,1,0
3673,38,13,65,91320,3,0.5,3,0,0,0,0,1,0
3674,34,9,65,95134,4,1.3,1,0,0,0,0,0,1
3675,42,16,38,93437,1,0.2,1,0,0,1,0,0,0
3676,60,34,110,92126,2,2,1,0,0,0,0,1,0
3677,62,37,22,95818,1,1.5,2,111,0,0,0,1,0
3678,59,33,43,94234,2,0.3,1,0,0,0,0,0,1
3679,49,25,30,92093,4,0.6,1,0,0,0,0,0,0
3680,49,23,134,90095,2,6.3,1,0,0,0,0,1,0
3681,36,11,32,90064,3,1.3,1,0,0,0,0,0,0
3682,33,9,139,95054,1,4.3,1,0,0,0,0,0,0
3683,43,17,45,95051,2,0.7,1,0,0,0,0,0,0
3684,53,27,62,95070,3,3,2,0,0,1,0,0,0
3685,57,31,51,92093,4,1.7,2,103,0,0,0,1,0
3686,53,27,93,94588,1,0.8,3,313,0,0,0,0,0
3687,60,35,122,92521,1,1.3,1,0,0,0,0,0,0
3688,34,10,45,93943,1,1.33,1,0,0,0,0,0,0
3689,51,26,179,90245,1,8.1,1,0,0,1,0,1,0
3690,36,12,64,94708,3,2.8,1,205,0,0,0,0,1
3691,63,39,41,95449,2,1.1,1,0,0,0,0,0,0
3692,37,13,58,95211,2,0.6,3,0,0,0,0,0,1
3693,57,33,64,94132,4,2.2,1,0,0,0,0,1,0
3694,52,27,28,93117,3,1.7,2,0,0,0,0,0,0
3695,38,8,21,92037,1,0.67,3,0,0,0,0,1,0
3696,61,35,60,90272,1,2.8,2,0,0,0,0,1,0
3697,31,5,78,94309,2,0.2,1,0,0,0,0,0,1
3698,39,13,59,95616,3,0.5,3,0,0,0,0,0,0
3699,38,12,59,96001,3,0.5,3,0,0,1,1,1,1
3700,46,22,83,94501,4,1.4,2,0,0,0,0,1,1
3701,48,22,128,94608,1,5.7,1,0,0,1,0,0,0
3702,58,33,95,90503,1,2.6,1,0,0,0,0,1,0
3703,50,25,160,93108,4,4.3,3,410,1,0,0,0,0
3704,67,41,78,94301,4,2.4,3,0,0,1,0,0,0
3705,36,11,184,91304,2,5.1,2,0,1,0,0,0,0
3706,30,4,30,91770,3,1,1,0,0,0,0,1,0
3707,58,33,51,94305,2,1.6,3,123,0,0,0,1,0
3708,43,18,35,92647,1,0.6,3,0,0,0,0,0,0
3709,31,1,74,92116,4,4,3,0,0,0,0,0,0
3710,37,11,43,92521,4,1.2,2,0,0,1,0,0,0
3711,49,22,23,90032,2,1,2,0,0,0,0,1,1
3712,27,1,20,94720,4,0.4,1,99,0,0,0,1,0
3713,50,25,112,92154,1,0.6,1,0,0,0,0,0,0
3714,46,20,74,90064,3,0.7,2,0,0,0,0,1,1
3715,49,23,65,94720,2,0.4,3,232,0,0,0,0,1
3716,29,5,124,92037,2,0.2,1,0,0,0,0,0,1
3717,55,29,65,91773,3,2.5,1,0,0,0,0,0,0
3718,61,37,73,94550,3,2,3,285,0,0,0,0,0
3719,45,19,8,92833,2,0.1,3,0,0,0,0,0,1
3720,33,8,53,92126,3,2.3,1,76,0,0,0,1,0
3721,63,39,131,92521,3,2.6,3,229,1,0,0,1,0
3722,32,6,13,91040,4,0.3,1,0,0,1,1,1,1
3723,42,17,60,93118,1,2.4,1,98,0,0,0,1,0
3724,51,27,45,94022,1,1.6,2,82,0,0,0,1,0
3725,44,20,39,93108,2,2.1,3,119,0,0,0,0,0
3726,33,6,78,94305,4,2,2,0,0,0,0,0,0
3727,39,13,43,94304,3,0.5,3,0,0,0,0,1,0
3728,56,30,31,94117,2,0.3,1,109,0,1,1,1,1
3729,28,3,118,91902,3,2.4,2,161,1,0,0,0,0
3730,43,17,82,94040,3,0.1,1,0,0,0,0,1,0
3731,30,6,112,92093,3,2.5,1,0,0,0,0,1,0
3732,34,8,10,92867,1,0.4,2,0,0,0,0,1,0
3733,26,1,18,92521,2,0.9,3,95,0,0,0,0,0
3734,58,32,72,94105,3,0.3,2,0,0,0,0,1,0
3735,43,19,72,95193,4,0.2,3,0,0,0,0,1,0
3736,40,14,78,91103,1,5.2,1,0,0,0,0,1,0
3737,54,30,78,96001,3,1.8,2,0,0,0,0,0,0
3738,44,19,30,91423,1,0.5,3,0,0,0,0,1,0
3739,54,28,45,95008,3,1.4,1,0,0,0,0,0,1
3740,39,14,80,90502,2,0.4,1,0,0,0,0,0,0
3741,59,35,174,92660,1,4.7,1,0,0,0,0,1,1
3742,53,29,51,92152,2,3.2,3,0,0,0,0,1,0
3743,32,8,181,94596,1,6,1,0,0,0,1,1,1
3744,40,14,78,94720,4,1.4,2,194,0,0,0,1,1
3745,54,29,79,90025,3,1.6,3,0,0,0,0,0,0
3746,27,3,119,90640,1,5.4,1,118,0,0,0,1,0
3747,63,39,49,93943,4,1.2,2,109,0,1,1,1,1
3748,26,0,83,91360,3,3.9,2,0,1,0,0,1,0
3749,33,7,100,94025,1,2.7,2,126,0,0,0,1,0
3750,43,19,70,90095,3,2.33,1,0,0,0,0,1,0
3751,57,32,52,90266,3,0.5,2,0,0,0,0,1,0
3752,26,2,12,94591,4,1,1,0,0,0,0,1,0
3753,55,30,82,93003,4,1.3,3,219,0,0,0,0,1
3754,30,4,34,95351,2,0.3,2,0,0,0,0,1,1
3755,63,37,112,93106,4,2.4,3,0,0,0,0,1,1
3756,55,25,42,94115,3,1,3,0,0,0,0,1,0
3757,35,11,83,92122,2,2.2,1,0,0,0,0,0,0
3758,45,21,142,91101,1,1.4,2,0,1,0,0,1,0
3759,47,23,199,94720,2,6.67,1,0,0,0,0,1,0
3760,31,4,29,92093,4,1.5,2,121,0,0,0,1,1
3761,56,26,70,91107,3,1.4,3,273,0,0,0,1,1
3762,49,24,25,95831,2,0.7,3,0,0,0,0,1,0
3763,53,27,84,95616,2,1.1,1,0,0,0,0,1,0
3764,62,36,81,95051,3,4.4,1,0,0,0,0,0,1
3765,63,37,15,94720,2,0.4,1,0,0,0,0,0,0
3766,26,0,54,94706,3,0.3,3,0,0,0,0,1,0
3767,59,35,108,90245,4,3.8,2,304,1,0,0,1,0
3768,40,16,83,95819,4,2.67,1,0,0,0,0,1,1
3769,42,16,62,94309,1,0.7,3,170,0,0,1,1,1
3770,29,4,134,90095,2,3.3,1,204,0,0,0,0,0
3771,40,16,75,94306,3,2.33,1,79,0,0,0,0,0
3772,31,7,109,91711,2,2,2,341,0,0,0,0,1
3773,35,10,152,94112,2,3,1,0,0,0,0,1,0
3774,62,36,83,93940,4,2.4,3,0,0,1,0,0,0
3775,51,26,52,92521,4,1.8,3,0,0,0,0,1,0
3776,32,6,31,90275,2,2,3,0,0,0,0,1,1
3777,27,3,135,93108,3,2.7,3,449,1,0,0,0,1
3778,62,37,98,94706,1,0.9,1,151,0,0,0,1,0
3779,66,41,14,95814,4,0.6,2,0,0,0,0,0,0
3780,53,27,64,93407,4,2.6,1,0,0,0,0,1,1
3781,49,25,109,92780,2,6.8,1,0,0,0,0,0,0
3782,65,40,118,94104,1,1.3,1,333,0,0,1,1,1
3783,30,5,80,91311,4,2.2,2,0,0,1,0,1,0
3784,60,34,51,90028,3,1.4,3,0,0,0,0,0,0
3785,30,6,115,94611,4,3.8,2,0,1,0,0,1,0
3786,54,28,83,95841,1,2.4,1,0,0,0,0,1,0
3787,54,28,90,91301,1,0.3,1,0,0,0,0,1,0
3788,37,12,28,95616,4,1.7,1,0,0,1,1,1,0
3789,32,7,82,95616,2,2.5,1,221,0,0,0,1,1
3790,51,27,24,94301,3,0.4,1,0,0,0,0,1,1
3791,46,22,71,92029,2,1.7,1,0,0,0,0,1,1
3792,41,17,80,91330,1,0.3,1,0,0,0,0,0,0
3793,62,36,109,92709,4,1.7,3,0,0,0,0,1,0
3794,54,28,140,91711,1,2.9,1,0,0,0,0,1,0
3795,52,27,39,92612,4,0.2,2,0,0,1,0,1,0
3796,51,25,39,94010,1,1.2,2,98,0,0,0,1,0
3797,24,-2,50,94920,3,2.4,2,0,0,1,0,0,0
3798,61,35,31,92521,2,0.3,1,0,0,0,0,1,0
3799,55,25,35,93943,3,1,3,144,0,0,0,1,1
3800,37,11,44,93109,4,0.2,1,0,0,0,0,0,1
3801,64,38,35,93955,1,0.5,3,0,0,0,0,1,0
3802,34,8,20,95616,2,0.3,1,106,0,0,0,1,1
3803,31,7,10,95616,4,0.7,2,0,0,0,0,1,0
3804,42,18,83,96001,4,2,3,0,0,0,0,1,0
3805,47,22,203,95842,2,8.8,1,0,0,0,0,1,0
3806,29,5,84,93109,3,0.8,1,0,0,0,0,0,0
3807,34,8,41,92096,4,0.8,1,0,0,0,0,0,0
3808,36,11,164,95051,2,7.8,1,0,0,0,0,1,1
3809,34,10,152,90089,2,6.5,1,0,0,0,0,0,0
3810,26,2,62,94080,4,1.6,1,0,0,1,0,0,0
3811,48,24,12,94707,4,1,1,89,0,0,0,0,0
3812,47,23,28,94061,4,0.6,1,0,0,0,0,1,0
3813,39,13,52,94720,1,2,1,0,0,0,0,0,1
3814,62,37,19,91343,3,1.3,2,97,0,0,0,1,0
3815,34,9,35,94304,3,1.3,1,0,0,0,0,0,0
3816,43,19,28,95053,4,0.3,1,96,0,0,0,1,0
3817,55,30,70,94904,3,2,2,0,0,0,0,1,1
3818,65,40,140,92093,1,0.9,1,0,0,0,0,0,0
3819,26,0,102,94305,4,2.3,3,0,0,0,0,0,0
3820,57,27,50,93950,4,2,3,0,0,0,0,1,0
3821,32,7,61,94102,3,2.3,1,205,0,0,0,1,1
3822,35,9,188,92220,2,3.7,2,259,1,0,0,1,0
3823,63,33,178,91768,4,9,3,0,1,0,0,0,0
3824,49,25,44,94708,4,0.9,2,194,0,0,0,1,0
3825,23,-1,12,95064,4,1,1,0,0,1,0,0,1
3826,30,6,69,94305,4,3.4,1,188,0,0,0,0,1
3827,43,19,132,90089,1,5,1,0,0,0,0,0,0
3828,39,14,128,93943,2,3.9,1,196,0,0,0,1,0
3829,31,6,44,95616,4,0.8,1,122,0,0,0,1,0
3830,65,39,44,92038,1,0.5,3,0,0,0,0,1,1
3831,34,8,34,92130,2,2,3,0,0,1,0,1,0
3832,37,12,132,90089,2,3.9,1,0,0,0,0,0,0
3833,62,38,158,90230,2,2.1,1,0,0,0,0,0,1
3834,33,9,83,93943,1,0.1,1,0,0,0,0,1,0
3835,48,22,28,94720,1,1.4,3,75,0,0,0,1,0
3836,33,9,131,90065,3,2.2,3,0,1,1,0,0,0
3837,45,19,31,95616,3,0.5,2,0,0,0,0,1,1
3838,44,19,40,92350,4,0,2,0,0,0,0,1,0
3839,37,11,71,94501,2,1.8,1,127,0,1,0,0,0
3840,31,5,42,93010,2,2,3,0,0,0,0,1,0
3841,56,31,35,95211,3,0.1,2,114,0,0,0,0,0
3842,30,4,81,94305,2,0.2,1,0,0,0,0,1,0
3843,61,35,91,95136,2,2,1,0,0,0,0,1,0
3844,32,7,129,94720,4,5.2,2,0,1,0,0,0,1
3845,51,27,75,95828,1,2.7,1,0,0,0,0,0,0
3846,26,1,54,94061,4,0.6,2,230,0,0,0,0,0
3847,31,5,43,94720,1,1.5,1,0,0,0,0,0,0
3848,43,18,94,94110,4,1.1,2,0,0,0,0,0,0
3849,57,32,84,93106,4,1.3,3,0,0,0,0,0,1
3850,42,18,34,92653,1,2,2,0,0,1,0,0,0
3851,48,23,15,94061,4,0.8,1,0,0,0,0,1,0
3852,46,21,99,90277,2,3.8,3,194,0,0,0,1,0
3853,33,7,15,92152,1,0.4,2,82,0,1,1,1,1
3854,45,21,83,94105,4,2,3,0,0,0,0,1,0
3855,31,6,83,94720,4,1.8,3,0,0,0,0,1,0
3856,42,18,143,95630,1,1.7,1,0,0,1,0,1,0
3857,56,30,81,90401,4,2.6,3,0,0,0,0,1,0
3858,63,39,39,91711,1,1.9,2,0,0,0,0,0,0
3859,42,18,158,92124,2,0.4,2,277,1,0,0,0,1
3860,50,24,62,90245,1,1.4,3,0,0,0,0,0,0
3861,31,6,64,92121,2,0.1,1,0,0,0,0,1,1
3862,65,40,29,90025,1,1.5,2,0,0,0,0,0,0
3863,60,34,64,94104,3,2.5,1,0,0,0,0,1,0
3864,34,10,21,91770,4,0.7,2,0,0,0,0,1,0
3865,62,32,142,95112,2,2.8,3,0,1,0,0,0,1
3866,56,30,64,93105,3,2.5,1,0,0,0,0,0,0
3867,51,25,40,91401,4,1.8,1,0,0,1,0,0,1
3868,44,19,61,94080,3,2.7,2,0,0,0,0,0,0
3869,41,16,44,92037,1,0.3,3,0,0,0,0,0,0
3870,43,16,78,95670,3,2.67,2,161,0,0,0,1,1
3871,25,0,25,94596,2,0.9,3,0,0,0,0,0,0
3872,40,16,125,91304,2,1.9,1,0,0,0,0,0,1
3873,53,29,63,94720,2,1,3,0,0,0,0,1,0
3874,54,30,54,94550,1,1.6,3,185,0,0,0,1,0
3875,36,12,92,94709,2,0,1,184,0,0,0,0,0
3876,26,2,119,95351,2,0.6,1,381,0,0,0,1,1
3877,35,11,40,91784,1,2.4,2,0,0,0,0,1,0
3878,29,4,41,93105,1,1,1,0,0,0,0,0,0
3879,35,11,81,92064,2,0,1,0,0,0,0,1,1
3880,28,4,101,95136,3,2.5,1,270,0,0,0,0,0
3881,48,24,25,90024,4,0.5,2,0,0,0,0,0,0
3882,46,20,55,91016,1,1.5,2,0,0,1,0,0,0
3883,31,7,43,92646,1,2.1,3,166,0,0,0,0,1
3884,40,16,98,94534,2,1.8,2,98,0,0,0,1,0
3885,27,1,112,91330,4,2.3,3,402,0,0,0,1,1
3886,32,2,69,93943,4,4,3,102,0,0,0,1,0
3887,67,43,79,95616,4,1.7,2,215,0,0,1,1,1
3888,24,-2,118,92634,2,7.2,1,0,0,1,0,1,0
3889,45,18,81,95133,3,2.67,2,251,0,0,0,1,1
3890,26,0,19,93014,1,0.1,2,121,0,0,0,1,0
3891,42,17,139,91101,2,2.9,3,0,1,0,0,1,0
3892,65,40,63,94701,3,0.5,2,0,0,0,0,1,0
3893,59,33,102,91763,2,1.4,1,0,0,0,0,1,0
3894,30,5,40,92521,4,1.7,2,0,0,0,0,1,0
3895,32,6,44,92886,1,0.3,1,81,0,0,0,1,1
3896,36,12,59,94104,3,2,1,216,0,0,0,0,0
3897,48,24,224,93940,2,6.67,1,0,0,0,1,1,1
3898,56,31,64,90245,2,2.3,3,0,0,0,0,0,0
3899,44,20,129,96001,2,3.3,1,0,0,0,0,1,0
3900,60,34,43,92697,1,1.4,1,0,0,0,0,1,1
3901,51,27,12,92834,3,0.4,1,0,0,1,1,1,1
3902,34,10,53,94107,3,2.6,2,0,0,0,0,1,0
3903,45,21,39,93305,2,2.1,3,0,0,0,0,0,1
3904,47,23,65,93943,1,0,1,0,0,0,0,0,0
3905,29,5,18,94122,1,0.4,3,94,0,0,0,1,1
3906,52,28,55,94596,1,1.6,3,0,0,0,0,0,0
3907,61,35,60,90245,1,2.5,3,0,0,0,0,1,0
3908,40,14,42,91330,2,0.3,1,187,0,0,0,1,0
3909,24,0,44,90638,3,0.1,2,0,0,0,0,0,0
3910,33,7,111,90245,2,1.3,1,0,0,0,0,1,0
3911,33,8,62,94596,1,1,1,0,0,0,0,1,0
3912,52,26,44,94025,2,0.8,3,148,0,0,0,0,1
3913,40,14,69,95348,1,1.5,3,0,0,0,0,0,0
3914,45,20,62,92064,3,0.8,3,172,0,0,0,1,0
3915,27,3,35,94080,1,1.8,2,0,0,0,0,0,0
3916,38,13,91,92037,1,2.8,1,0,0,0,0,1,1
3917,50,26,12,92121,1,0.2,1,96,0,0,0,0,0
3918,41,15,89,94608,3,0.1,1,292,0,0,0,1,0
3919,60,34,65,90024,4,1.7,2,0,0,1,0,1,0
3920,64,34,179,90024,2,4.5,3,400,1,0,0,0,0
3921,34,8,82,93106,2,1.5,3,0,0,1,1,1,1
3922,30,6,48,95812,1,1.2,1,0,0,0,0,1,0
3923,31,4,20,95616,4,1.5,2,0,0,0,0,1,0
3924,41,15,91,90502,1,2.8,3,330,0,1,0,1,0
3925,61,37,122,94609,2,6,1,0,0,0,0,1,0
3926,42,18,22,90717,1,1.4,3,0,0,0,0,1,0
3927,48,23,43,94301,2,1.3,1,0,0,0,0,1,0
3928,59,34,38,90291,4,1.7,1,0,0,0,0,0,1
3929,57,33,61,92115,3,2.67,1,0,0,0,0,1,0
3930,37,13,33,91773,4,0.4,2,0,0,0,0,0,0
3931,53,27,145,95605,1,2.9,1,345,0,0,0,0,0
3932,53,27,170,95003,1,1,1,0,0,0,0,1,0
3933,26,2,55,94305,3,0.7,2,0,0,0,0,1,0
3934,39,14,40,91302,1,2.5,3,0,0,0,0,1,0
3935,35,11,68,94923,2,0,1,126,0,0,0,0,1
3936,59,33,53,90034,3,2.5,1,0,0,0,0,1,0
3937,43,18,63,95616,3,0.8,3,0,0,1,0,0,0
3938,39,15,123,91604,2,2.2,1,92,0,0,0,0,1
3939,49,24,13,95929,2,0,1,0,0,0,0,1,0
3940,47,23,12,92110,4,0.2,1,102,0,0,0,0,1
3941,41,17,53,93727,2,2.5,1,102,0,0,0,1,0
3942,57,33,79,94588,1,2.7,2,294,0,0,0,1,1
3943,42,17,89,90095,1,0.1,2,170,0,0,0,1,0
3944,61,36,188,91360,1,9.3,2,0,1,0,0,0,0
3945,56,26,62,91320,3,1.4,3,0,0,0,0,1,0
3946,29,3,123,92821,3,5.6,3,428,1,0,0,1,0
3947,25,-1,40,93117,3,2.4,2,0,0,0,0,1,0
3948,32,8,119,94710,4,5,3,0,1,0,0,1,0
3949,37,12,123,94304,4,3.1,2,253,1,0,1,1,1
3950,31,5,23,93407,1,0.4,2,0,0,0,0,1,1
3951,38,14,62,94143,1,1.5,3,255,0,0,0,1,0
3952,40,14,69,92870,3,2.1,1,106,0,0,0,1,0
3953,61,36,124,94611,2,3.9,1,0,0,1,0,0,1
3954,50,26,52,93555,4,0.1,3,0,0,0,0,0,0
3955,32,7,134,93108,2,3.1,1,0,0,0,0,0,0
3956,62,36,58,94501,1,0.8,2,0,0,0,0,0,0
3957,62,37,45,90033,3,0.5,2,200,0,0,0,1,1
3958,40,15,75,95449,4,1.1,2,0,0,0,0,1,0
3959,59,34,23,90009,4,0.4,2,78,0,0,0,0,0
3960,43,19,123,91107,3,1.3,1,0,1,0,0,1,0
3961,62,37,48,92028,3,2.2,1,0,0,0,0,0,0
3962,48,22,145,95482,1,0.3,1,140,0,0,0,1,0
3963,29,5,31,93014,1,1,3,0,0,0,0,0,0
3964,58,32,38,93106,3,2.2,3,0,0,0,0,1,0
3965,43,18,78,94025,4,1.9,3,0,0,0,0,0,0
3966,39,15,94,91941,2,1.9,1,0,0,0,0,1,0
3967,33,7,84,95051,1,2.9,3,0,0,0,0,1,0
3968,40,15,22,94306,1,0.6,3,0,0,0,0,1,0
3969,28,3,78,93108,4,0.2,1,0,0,0,0,1,1
3970,38,11,75,94305,3,2.33,2,0,0,0,0,1,0
3971,65,40,71,95060,3,2.2,1,0,0,0,0,0,1
3972,35,11,24,95616,1,0.5,3,0,0,0,0,1,1
3973,29,5,112,94998,2,4.33,1,0,0,0,0,1,1
3974,61,35,53,90064,1,2.8,2,167,0,0,0,1,0
3975,46,21,41,94305,1,0.5,3,0,0,0,0,0,0
3976,50,23,25,91330,1,0.5,2,0,0,0,0,1,0
3977,60,33,42,90277,4,2.5,2,194,0,0,0,1,0
3978,54,27,51,94309,3,1,2,113,0,1,1,1,1
3979,43,18,19,92325,2,0.3,2,0,0,0,0,1,0
3980,38,14,90,93010,2,0,1,258,0,1,1,1,1
3981,46,22,89,92866,4,1.4,2,0,0,0,0,1,0
3982,64,39,22,92691,3,0.5,1,0,0,1,1,1,1
3983,24,0,119,94566,1,1.5,1,0,0,0,0,1,0
3984,39,13,93,93555,4,3.6,3,0,1,0,0,1,0
3985,34,8,18,95741,4,0.3,1,0,0,0,0,0,0
3986,65,40,32,90095,1,1.1,3,120,0,0,0,1,0
3987,38,14,182,92152,3,2.6,3,0,1,0,1,1,1
3988,62,36,19,95833,2,0.2,3,0,0,0,0,1,1
3989,59,35,85,91330,1,3.4,3,0,1,0,1,0,1
3990,49,25,90,92709,4,1.4,2,0,0,1,0,1,0
3991,57,32,59,95014,2,3.7,1,134,0,0,0,1,0
3992,64,38,84,94571,1,2,1,0,0,0,0,0,0
3993,47,22,95,93311,2,3.9,2,0,1,0,0,0,0
3994,30,6,13,93555,3,0.9,3,0,0,0,0,1,0
3995,42,18,88,92675,4,0.8,1,0,0,0,0,1,1
3996,53,28,34,92697,2,0.6,3,0,0,0,0,1,1
3997,50,24,11,94501,4,0.6,3,0,0,0,0,0,1
3998,62,38,80,94545,4,1.7,2,0,0,0,0,0,0
3999,34,10,41,94102,1,1.33,1,0,0,0,0,0,1
4000,47,21,90,90245,2,0.8,3,0,0,0,0,0,0
4001,62,37,93,93003,3,3,3,0,1,0,1,1,1
4002,61,35,81,94709,4,1.9,2,0,0,0,0,0,0
4003,59,34,60,94015,2,2.8,1,0,0,0,0,1,0
4004,47,21,39,92612,3,0.6,2,0,0,0,0,1,1
4005,65,39,22,92507,3,0.7,2,0,0,0,0,0,0
4006,56,32,32,95827,2,0.8,1,79,0,1,0,1,0
4007,56,32,28,92130,1,1.2,3,0,0,0,0,1,0
4008,31,7,35,91745,2,1,2,0,0,0,0,0,1
4009,61,31,154,94555,3,7.5,3,351,1,0,1,1,1
4010,42,18,189,91605,2,7.6,1,0,0,0,0,1,0
4011,44,19,40,94618,4,1.9,3,84,0,0,0,0,0
4012,47,21,88,94304,2,1.7,2,0,0,0,0,1,0
4013,30,6,124,91320,2,0.6,1,0,0,0,0,1,0
4014,62,38,23,91304,2,0.3,3,0,0,0,0,0,0
4015,56,32,23,94720,4,0.7,1,0,0,0,0,1,1
4016,25,-1,139,93106,2,2,1,0,0,0,0,0,1
4017,53,28,173,91614,4,2.7,1,427,1,0,0,1,0
4018,26,0,42,92009,4,1.3,3,153,0,0,0,1,0
4019,59,35,161,94301,1,2.9,1,160,0,0,0,0,1
4020,62,36,28,95020,3,0.7,2,0,0,0,0,1,0
4021,58,32,191,93943,4,5.2,3,194,1,0,0,0,1
4022,40,14,42,90638,2,0.3,1,106,0,0,0,0,1
4023,35,5,81,94234,4,4,3,0,0,0,0,1,0
4024,51,25,175,90089,3,0.7,1,312,1,0,0,0,0
4025,41,15,82,94720,3,0.1,1,0,0,0,0,1,0
4026,51,27,53,94114,1,1.8,3,0,0,0,0,0,1
4027,27,1,142,92038,3,5.5,1,0,1,0,0,0,0
4028,46,21,42,93727,4,1.9,3,0,0,0,0,1,0
4029,46,20,64,94117,4,2.9,1,189,0,0,0,0,0
4030,31,5,90,94301,2,1.3,1,0,0,1,0,1,0
4031,58,32,44,92354,1,0.8,2,0,0,0,0,0,0
4032,42,18,29,91320,1,0.3,3,0,0,0,0,1,0
4033,59,35,93,94301,2,1.6,1,0,0,0,0,0,1
4034,54,24,69,93117,3,1.4,3,132,0,0,0,1,0
4035,35,11,82,94022,2,1.7,2,0,0,0,0,1,1
4036,34,9,180,93955,2,6.5,3,0,1,0,1,1,0
4037,46,21,13,93117,2,0.7,3,0,0,0,0,1,0
4038,52,28,72,91335,1,0,1,178,0,0,0,0,0
4039,55,30,54,91367,3,1.7,1,0,0,0,0,1,0
4040,34,9,104,92152,1,4.6,1,0,0,0,0,1,1
4041,57,32,44,90266,2,1.9,2,157,0,0,0,0,0
4042,45,19,40,95060,1,0.2,1,0,0,1,1,1,1
4043,29,3,190,92612,2,4.5,1,246,0,0,0,1,1
4044,49,23,64,94588,4,2.6,1,0,0,0,0,1,1
4045,36,11,9,90266,2,0.3,2,99,0,1,0,0,0
4046,57,31,38,94720,4,0.7,2,0,0,0,0,1,0
4047,25,0,72,94303,3,2.6,3,0,0,0,0,1,0
4048,43,17,82,94114,1,5.2,1,79,0,0,0,1,0
4049,27,2,48,90049,2,1.6,3,119,0,1,0,1,0
4050,54,28,82,94122,4,2.6,3,294,0,0,0,0,0
4051,53,26,14,94590,2,1,2,83,0,0,0,0,0
4052,55,29,162,93105,1,2.9,1,0,0,0,0,1,1
4053,43,19,54,94608,2,1.7,1,0,0,0,0,1,0
4054,35,11,90,94720,2,0,1,0,0,0,0,0,0
4055,59,34,64,94116,4,1.7,1,0,0,0,0,0,0
4056,42,18,65,93460,3,2.1,3,0,0,0,0,1,1
4057,51,25,113,91320,2,6.3,1,0,0,0,0,0,0
4058,57,32,38,90740,2,2.1,3,0,0,0,0,0,0
4059,39,15,65,92037,1,1.5,3,0,0,0,0,0,0
4060,53,27,39,91330,4,1.5,3,0,0,0,0,1,0
4061,31,6,174,93023,2,6.7,1,0,0,0,0,1,1
4062,33,3,59,91040,2,1.75,3,0,0,0,0,1,0
4063,38,14,43,95053,2,1.7,1,0,0,0,0,1,0
4064,47,21,24,94108,2,0.1,3,0,0,0,0,0,1
4065,63,39,50,94402,1,0,2,166,0,0,0,0,0
4066,44,19,68,94305,1,3.7,3,0,0,0,0,1,0
4067,61,37,61,94122,3,2,3,0,0,0,0,1,0
4068,52,28,21,94025,4,0.5,2,0,0,0,0,1,0
4069,59,34,21,95035,2,0.5,2,0,0,0,0,1,0
4070,56,32,31,94596,4,1.3,1,0,0,0,0,0,0
4071,58,33,70,94720,4,0.7,1,0,0,1,0,0,0
4072,30,6,25,94304,3,1,2,135,0,0,0,0,1
4073,42,17,78,92521,1,1,3,0,0,0,0,1,0
4074,51,27,19,92120,1,0.2,1,0,0,0,0,0,0
4075,60,35,23,94608,1,0.3,3,0,0,0,0,1,0
4076,30,4,40,90601,4,0.8,1,0,0,0,0,1,0
4077,49,23,22,92220,1,0.3,3,0,0,0,0,0,0
4078,26,0,71,92093,4,1.8,2,0,0,1,0,1,0
4079,36,12,58,91320,1,3.6,2,0,0,0,0,0,0
4080,65,40,75,90036,3,2.2,1,0,0,0,0,1,0
4081,27,0,40,90068,1,2,2,110,0,0,0,0,1
4082,60,35,155,92521,1,1.5,3,0,1,0,0,0,1
4083,32,6,83,90036,4,2.2,2,0,0,0,0,0,0
4084,46,20,99,94302,3,1.1,1,0,0,0,0,0,0
4085,60,36,59,94124,1,0,2,0,0,1,0,0,0
4086,28,2,53,94609,3,2.4,2,0,0,0,0,1,0
4087,50,26,11,93106,4,0.2,1,0,0,1,0,0,0
4088,52,28,179,94583,4,4.2,3,0,1,0,0,0,0
4089,29,-1,71,94801,2,1.75,3,0,0,0,0,0,0
4090,30,4,85,94234,4,2.1,3,0,0,0,0,1,0
4091,42,18,49,92717,3,2.1,3,0,0,1,0,1,0
4092,32,6,122,94025,2,1.3,1,0,0,0,0,1,1
4093,40,15,171,94539,2,3.3,1,0,0,0,0,1,0
4094,49,24,138,93111,2,2.2,2,0,1,0,0,1,0
4095,53,23,8,95616,4,0.4,3,0,0,1,0,1,0
4096,42,17,59,94105,4,0.4,1,0,0,0,0,1,0
4097,38,14,49,90740,3,2.8,1,0,0,0,0,0,0
4098,60,34,92,95670,2,2,1,0,0,0,0,0,0
4099,27,3,75,90032,4,0,1,0,0,0,0,0,0
4100,61,35,60,92831,1,2.8,2,0,0,0,0,1,1
4101,27,2,41,90254,2,1.7,2,0,0,0,0,1,0
4102,45,21,40,93460,3,0.6,2,0,0,0,0,1,1
4103,41,16,81,94305,2,0.4,1,146,0,0,0,1,1
4104,44,20,52,94143,1,0.8,3,196,0,0,0,0,1
4105,38,14,25,95616,4,1,1,0,0,0,0,0,0
4106,39,15,139,91801,1,3.4,1,353,0,0,0,1,0
4107,48,22,54,93106,1,1.2,2,0,0,0,0,0,0
4108,47,22,81,94123,1,2.9,1,0,0,0,0,0,1
4109,64,39,73,94025,3,2.2,1,0,0,1,0,0,1
4110,27,0,30,93107,4,1,3,0,0,0,0,1,1
4111,66,41,59,95617,3,2.4,1,0,0,0,0,0,0
4112,43,17,21,95351,3,1.5,1,0,0,0,0,0,0
4113,34,9,65,95014,3,0.7,2,104,0,0,0,1,0
4114,28,2,41,93118,3,1.1,2,161,0,0,0,1,0
4115,52,28,52,92126,4,0.1,3,121,0,0,0,0,0
4116,45,20,84,94131,4,1.1,2,180,0,0,0,1,0
4117,24,-2,135,90065,2,7.2,1,0,0,0,0,1,0
4118,39,14,18,92037,4,0.2,3,0,0,1,0,0,0
4119,40,16,34,93561,1,0.7,1,0,0,0,0,1,1
4120,30,5,85,92624,4,1.8,3,0,0,0,0,1,0
4121,49,23,23,94080,1,1.4,3,0,0,0,0,0,0
4122,53,27,65,91711,4,2.8,2,0,0,0,0,0,1
4123,56,30,195,90089,1,2.9,1,0,0,0,0,0,0
4124,50,24,40,93460,4,2.6,1,89,0,0,0,1,0
4125,53,29,141,90064,2,0.2,3,0,1,0,0,0,0
4126,60,34,95,94104,2,0.7,2,322,0,0,0,1,1
4127,58,33,23,90095,3,1.3,2,131,0,0,0,0,0
4128,43,19,82,95758,2,1.8,2,0,0,0,0,1,1
4129,46,21,53,93555,4,1.9,3,0,0,0,0,0,0
4130,29,3,10,91320,4,0.4,1,87,0,0,0,1,1
4131,56,30,75,91910,1,1.9,2,125,0,0,0,1,0
4132,48,23,23,94534,4,0.4,2,122,0,0,0,0,0
4133,61,36,133,90266,1,2.6,1,0,0,0,0,1,0
4134,41,17,129,94720,1,3.4,1,0,0,0,0,0,1
4135,35,11,85,92154,4,0.1,2,131,0,0,0,0,0
4136,48,23,168,95929,2,2.8,1,308,0,0,0,1,0
4137,43,19,83,92691,4,2,3,0,0,0,0,1,0
4138,37,12,52,93943,2,1.1,2,0,0,0,0,1,0
4139,47,22,114,95819,1,0.6,1,0,0,1,1,1,1
4140,29,3,81,95827,1,2.9,3,0,0,0,0,0,0
4141,63,38,32,94015,1,1.5,2,0,0,0,0,0,0
4142,43,19,63,94118,3,2.1,3,0,0,0,0,0,0
4143,57,32,70,90024,3,1.6,3,0,0,0,0,0,0
4144,55,31,20,94720,2,0.3,1,0,0,0,0,1,0
4145,47,23,138,91367,2,3.3,1,0,0,0,0,1,1
4146,58,34,63,94305,4,1.6,2,0,0,0,0,0,0
4147,53,28,85,95814,1,1.3,3,118,0,0,0,1,0
4148,59,35,180,96008,2,6.5,2,0,1,1,1,1,1
4149,46,22,80,95747,4,2,3,0,0,0,0,1,0
4150,41,15,53,93106,1,0.7,3,0,0,0,0,1,0
4151,46,20,72,92009,2,1.7,2,75,0,0,0,1,0
4152,44,18,123,95841,3,5.9,1,0,1,0,1,1,1
4153,44,18,91,91361,2,0.8,3,0,0,0,0,1,0
4154,50,26,148,94608,2,6.8,1,0,0,0,0,1,0
4155,51,25,163,94305,2,1.3,3,0,1,0,0,1,0
4156,55,30,28,90291,4,0.1,3,149,0,0,0,1,1
4157,37,12,193,92780,1,8.6,1,0,0,0,0,0,0
4158,34,10,22,94545,3,0.9,3,0,0,0,0,1,0
4159,59,34,74,92780,4,0.7,1,0,0,0,0,1,1
4160,45,20,70,94305,4,1.9,3,0,0,0,0,1,1
4161,30,4,11,95054,1,0.1,2,0,0,0,0,1,1
4162,32,8,61,94703,3,2.6,2,0,0,0,0,0,0
4163,61,37,41,94704,1,0.8,1,0,0,0,0,1,1
4164,54,28,108,94110,4,1.9,2,0,1,0,0,1,0
4165,35,10,23,90058,4,1.1,3,0,0,0,0,0,1
4166,63,38,135,91768,2,3.8,3,183,1,0,0,0,0
4167,66,40,30,95133,2,0.7,3,86,0,0,0,0,0
4168,48,24,144,94025,4,3.5,2,0,1,0,0,0,0
4169,60,34,139,95020,4,0.4,1,0,1,0,0,1,0
4170,41,17,143,90059,2,2.7,3,209,1,0,0,1,0
4171,31,7,44,93561,1,1.2,1,0,0,0,0,1,1
4172,58,31,49,94521,4,2.5,2,0,0,0,0,1,0
4173,67,42,75,90041,4,0.1,2,182,0,0,0,1,0
4174,35,9,43,93943,2,0.3,1,0,0,0,0,1,0
4175,40,14,59,91335,3,0.5,3,0,0,0,0,1,0
4176,42,17,154,93955,3,4.9,1,0,1,0,1,1,1
4177,44,18,75,95131,1,0.7,3,0,0,0,0,0,1
4178,47,23,75,93106,1,2.6,2,0,0,0,0,0,1
4179,59,35,88,91311,2,1.6,1,278,0,0,0,0,0
4180,29,3,91,94122,1,3.4,3,0,1,0,0,0,0
4181,36,6,11,92008,1,0.67,3,0,0,1,1,1,1
4182,47,22,22,90024,1,0.4,3,0,0,0,0,1,0
4183,55,29,49,92691,2,0.8,3,220,0,0,0,0,1
4184,41,17,140,94542,1,3.5,1,342,0,0,0,0,0
4185,51,25,99,90277,2,2.4,2,0,0,0,0,0,0
4186,26,2,82,91950,2,2.5,1,199,0,0,0,0,0
4187,33,9,10,90005,4,1,1,81,0,0,0,0,1
4188,30,5,109,94305,4,2.2,2,103,0,0,0,0,1
4189,30,4,45,90041,4,1.3,3,0,0,0,0,0,0
4190,45,19,93,91116,2,1.7,2,0,0,0,0,0,0
4191,40,16,89,95814,3,3.9,2,216,1,1,1,1,0
4192,42,15,39,91711,3,1,2,132,0,0,0,0,0
4193,50,26,21,91768,1,0.2,1,89,0,0,0,1,0
4194,62,37,31,95008,3,0.2,1,0,0,0,0,1,0
4195,63,37,31,95819,1,0.5,3,0,0,0,0,1,0
4196,43,19,52,95054,4,2.2,2,0,0,0,0,0,0
4197,49,25,13,95814,1,0.9,3,0,0,0,0,1,0
4198,51,25,21,90840,2,0.4,3,76,0,1,0,1,0
4199,61,36,50,96003,4,1.7,1,189,0,0,0,1,0
4200,43,19,81,90630,4,0.2,3,0,0,0,0,0,1
4201,43,19,74,94035,4,1.9,1,0,0,0,0,0,1
4202,61,36,89,93109,3,0.5,1,0,0,0,0,1,0
4203,35,9,82,95064,3,0.9,2,0,0,0,0,1,0
4204,59,33,88,93106,4,1.9,2,0,0,0,0,0,0
4205,40,16,61,91711,3,2.1,3,0,0,0,0,0,0
4206,61,36,139,95133,2,3.9,1,0,0,0,0,0,0
4207,48,23,29,93711,1,1.3,2,0,0,0,0,0,0
4208,37,11,51,93305,3,2.1,1,0,0,0,0,1,1
4209,56,32,58,95064,1,1.8,3,241,0,0,0,1,0
4210,35,9,21,91125,2,1.4,3,125,0,0,0,1,0
4211,35,8,43,95819,2,1.67,2,0,0,0,0,0,0
4212,40,16,104,94301,2,1.8,2,0,0,0,0,0,0
4213,50,23,9,94109,1,0.5,2,98,0,0,0,1,0
4214,49,25,39,91125,3,1.9,2,0,0,0,0,0,0
4215,46,22,89,94303,1,2.7,1,0,0,1,1,1,1
4216,64,40,21,94028,2,0.3,3,0,0,0,0,0,0
4217,60,35,173,90059,3,3.1,3,0,1,0,0,1,0
4218,45,21,29,95051,1,0.3,3,105,0,0,0,1,1
4219,52,27,43,94005,4,0.2,2,0,0,0,0,0,1
4220,58,34,30,90066,3,0.4,2,0,0,0,0,0,0
4221,54,30,39,94806,4,0.1,3,0,0,1,0,1,0
4222,48,22,83,90028,2,0.4,3,248,0,0,0,1,0
4223,51,25,58,93106,3,0.7,2,223,0,0,0,0,0
4224,53,26,8,94709,1,0.5,2,0,0,0,0,0,1
4225,57,27,39,95929,3,1,3,0,0,1,0,0,1
4226,43,18,204,91902,2,8.8,1,0,0,0,0,1,0
4227,37,13,45,94591,1,1.8,1,0,0,0,0,0,0
4228,32,7,111,90277,1,3.8,1,0,0,1,0,0,0
4229,34,10,83,95060,2,2,2,148,0,0,0,0,0
4230,54,24,83,94596,1,3,3,0,0,0,0,0,0
4231,62,36,115,92093,2,2.8,1,202,0,0,0,1,1
4232,56,32,60,93106,1,1.8,3,227,0,0,0,1,0
4233,39,15,53,94116,1,1.8,1,0,0,0,0,0,0
4234,32,7,134,95929,2,3.3,1,0,0,0,0,1,0
4235,50,24,91,93555,1,0.8,3,0,0,0,0,1,0
4236,27,1,91,92173,2,0.2,1,0,0,0,0,1,0
4237,37,12,128,91342,2,3.9,1,0,0,0,0,1,1
4238,60,34,78,90401,3,4.4,1,0,0,1,0,0,0
4239,43,19,161,92093,2,7.6,1,464,0,0,0,1,0
4240,62,36,60,92182,3,2.2,3,0,0,0,0,1,0
4241,39,14,161,95064,1,4.1,1,509,0,1,0,0,0
4242,34,9,40,95054,4,2,2,0,0,0,0,1,1
4243,46,21,68,94720,1,0.2,2,0,0,0,0,1,0
4244,46,22,74,94550,3,0.7,1,0,0,0,0,1,0
4245,51,26,55,92121,3,2,2,93,0,0,0,1,0
4246,44,20,145,90630,1,3.5,1,0,0,0,0,0,1
4247,60,35,24,94920,1,1.5,2,0,0,0,0,0,0
4248,65,39,10,90210,1,0.8,2,0,0,0,0,1,0
4249,58,33,138,90720,2,3.9,1,0,0,1,0,1,0
4250,37,12,63,91942,4,2.1,3,0,0,0,0,1,0
4251,52,28,54,90041,4,0.1,3,0,0,0,0,0,1
4252,42,16,62,95064,3,0.9,3,0,0,0,0,1,0
4253,54,29,81,91107,1,0.1,3,0,0,0,0,0,0
4254,54,28,61,90601,3,3,2,0,0,0,0,1,1
4255,51,27,68,91711,1,1.6,3,0,0,0,0,1,0
4256,59,35,78,90095,2,2.8,1,0,0,0,0,1,0
4257,41,17,165,91311,2,7.6,1,157,0,0,0,0,0
4258,43,17,48,95762,3,2.2,2,0,0,0,0,0,1
4259,52,26,155,92660,3,7.2,2,0,1,0,0,1,0
4260,52,26,158,94920,2,3.7,3,251,1,0,0,0,1
4261,57,31,52,94105,1,1.4,1,0,0,0,0,1,0
4262,53,28,18,92507,4,0.8,1,0,0,0,0,0,0
4263,58,33,42,92093,4,1.7,1,0,0,0,0,0,0
4264,59,33,18,94542,2,0.2,3,0,0,0,0,0,0
4265,57,31,40,94304,2,0.3,1,0,0,1,1,1,1
4266,27,2,44,93943,4,0.6,2,0,0,1,1,1,0
4267,42,16,11,94015,1,0.2,1,87,0,0,0,0,1
4268,52,26,194,91902,2,5.7,2,0,1,0,0,1,0
4269,49,23,108,95616,2,2.4,2,0,0,0,0,1,0
4270,47,23,12,92518,4,0.5,2,0,0,0,0,0,0
4271,45,19,19,93117,3,1.5,1,94,0,0,0,1,1
4272,25,1,150,92507,1,6.33,1,0,0,0,0,0,0
4273,47,22,89,92647,4,1.9,3,0,0,0,0,1,0
4274,44,19,83,95812,2,3.8,3,0,0,1,0,0,1
4275,30,3,79,91380,4,2,2,0,0,0,0,1,0
4276,63,38,102,95616,4,3.4,2,0,0,0,0,0,0
4277,50,24,155,92717,1,7.3,1,0,0,0,0,1,1
4278,40,16,138,92612,1,3.5,1,0,0,0,0,1,0
4279,56,31,51,92028,3,1.7,1,0,0,0,0,1,1
4280,39,15,80,94608,2,1.8,2,86,0,0,0,1,1
4281,42,18,135,95136,2,3.3,1,0,0,1,1,1,1
4282,28,1,34,94949,4,1.5,2,162,0,0,0,0,1
4283,26,0,195,92093,3,6.33,3,0,1,1,1,1,0
4284,58,32,62,91320,3,2.2,3,217,0,0,1,1,1
4285,38,13,173,94305,2,3.3,1,243,0,0,0,0,0
4286,23,-3,149,93555,2,7.2,1,0,0,0,0,1,0
4287,53,29,20,93955,1,0.2,1,131,0,0,0,1,1
4288,54,28,42,95207,4,2.5,1,0,0,0,0,1,1
4289,42,17,28,94010,1,0.6,3,0,0,0,0,0,1
4290,54,28,95,90254,1,1.9,2,0,0,0,0,1,0
4291,66,42,95,94596,2,0,3,0,0,0,0,1,0
4292,46,21,34,90034,1,0.1,1,124,0,0,0,1,0
4293,63,37,191,94131,2,4.3,3,205,1,0,0,0,0
4294,63,38,41,90034,2,1.5,1,173,0,0,0,1,1
4295,58,34,150,92110,1,7.4,1,481,0,0,0,1,0
4296,65,41,91,91360,2,0,3,146,0,0,0,0,0
4297,35,9,84,94709,4,2.2,2,0,0,0,0,1,0
4298,33,9,73,92110,4,3.4,1,140,0,0,0,1,0
4299,43,19,122,93106,1,0.3,1,0,0,0,0,1,0
4300,30,5,73,90065,1,2.6,2,133,0,0,0,1,0
4301,61,37,20,95973,2,0.3,3,0,0,0,0,1,0
4302,49,24,130,92677,4,1.1,1,281,1,0,1,1,0
4303,52,27,85,92037,3,3.4,3,0,1,0,0,0,0
4304,45,21,134,94550,2,3.3,1,0,0,0,0,1,1
4305,64,39,98,95678,3,1.8,2,80,0,0,0,1,0
4306,26,1,54,91709,2,1.6,3,0,0,1,0,0,0
4307,35,11,41,92123,3,2,1,0,0,0,0,1,0
4308,45,19,128,94928,4,6,3,0,1,0,0,1,0
4309,44,20,132,94115,3,2.6,1,308,1,0,0,0,0
4310,34,8,188,94025,1,2.9,3,0,1,0,0,1,0
4311,65,41,170,94143,4,6.1,2,0,1,0,1,1,1
4312,32,8,14,90034,3,0.9,3,111,0,0,0,0,0
4313,41,15,93,95616,1,2.8,3,0,0,0,0,1,0
4314,52,28,79,94596,1,2.7,2,0,0,0,0,1,1
4315,35,9,79,94305,4,2.2,2,0,0,0,0,0,0
4316,51,26,62,90024,4,1.8,3,119,0,0,0,1,0
4317,30,6,95,91950,2,0.2,1,0,0,1,0,1,0
4318,58,33,60,92672,4,1.3,3,0,0,0,0,1,0
4319,49,23,75,92374,1,1.5,2,0,0,0,0,0,1
4320,63,38,85,91320,4,0.1,2,0,0,0,0,0,1
4321,40,15,143,94801,1,4.1,1,0,0,0,0,1,0
4322,27,0,34,92717,1,2,2,112,0,0,0,0,1
4323,38,14,44,91320,2,1.7,1,0,0,0,0,0,0
4324,52,28,31,92008,4,0.9,2,151,0,1,0,1,0
4325,49,24,13,94538,4,0.8,1,111,0,0,0,1,0
4326,59,35,52,95616,4,1.5,1,0,0,0,0,1,1
4327,32,8,42,95136,1,0.2,3,102,0,0,0,1,0
4328,30,4,102,91775,4,2.1,3,139,0,0,0,0,1
4329,64,38,143,95039,2,6.4,3,0,1,1,1,1,0
4330,59,33,10,94063,4,0.7,3,0,0,0,0,1,0
4331,62,37,44,90401,1,1.1,3,0,0,0,0,0,0
4332,61,37,158,94720,2,6,1,306,0,1,1,1,1
4333,53,26,12,92672,2,1,2,0,0,0,0,0,1
4334,51,26,59,90095,1,1.2,1,139,0,0,0,1,0
4335,55,29,92,92130,1,1.9,2,0,0,0,0,0,0
4336,36,10,82,94542,2,2.8,1,0,0,0,0,0,1
4337,44,19,44,90509,4,0,2,0,0,0,0,0,0
4338,26,2,182,93010,2,3.2,2,0,1,0,0,0,0
4339,54,30,121,92121,2,0.4,1,0,0,0,0,1,0
4340,35,11,38,95518,1,1.7,1,0,0,0,0,0,1
4341,34,10,92,90024,2,2.7,1,0,0,1,1,0,1
4342,28,3,53,94305,2,1.6,3,0,0,0,0,0,0
4343,32,7,45,93611,3,2.3,1,83,0,1,0,1,0
4344,38,14,63,95422,1,3.6,2,0,0,1,0,1,0
4345,53,28,181,95051,1,8.1,1,0,0,0,0,1,0
4346,26,1,184,94608,2,4.2,3,577,1,0,1,1,1
4347,45,21,33,94970,3,0.5,1,136,0,0,1,1,1
4348,58,33,22,90024,3,0.2,1,0,0,0,0,1,0
4349,59,33,99,92093,2,2.7,1,0,0,0,0,0,0
4350,45,18,44,90089,3,1,2,193,0,0,0,0,0
4351,64,39,101,95134,4,3.4,2,0,0,0,0,0,1
4352,30,3,32,94132,1,2,2,0,0,0,0,1,1
4353,40,16,59,94305,4,2.67,1,0,0,0,0,1,0
4354,61,36,25,94015,2,0.5,2,0,0,0,0,1,1
4355,40,16,140,93940,3,5.6,1,0,1,0,0,0,0
4356,40,10,29,94720,1,0.75,3,0,0,0,0,1,0
4357,43,19,35,90630,1,0.7,1,0,0,0,0,0,0
4358,39,14,141,93302,4,6.3,1,0,1,1,1,1,1
4359,35,11,75,92672,4,2,3,79,0,0,0,0,0
4360,38,12,58,95054,2,2.8,1,0,0,0,0,1,0
4361,67,43,41,90024,2,1.1,1,0,0,0,0,0,0
4362,55,30,42,93940,2,2,2,196,0,0,0,0,1
4363,28,2,55,93940,3,1.1,2,0,0,0,0,0,0
4364,30,4,18,93711,4,0.3,2,84,0,0,0,1,0
4365,59,35,75,92121,4,2.3,3,0,0,1,0,0,0
4366,26,2,85,95020,2,2.5,1,0,0,0,0,0,0
4367,52,28,43,90089,4,1.1,2,0,0,0,0,0,0
4368,40,15,149,90250,2,3.9,1,319,0,0,0,1,1
4369,31,7,25,93943,2,1,2,0,0,1,1,1,1
4370,50,25,19,94005,4,0.4,2,103,0,0,0,1,1
4371,27,3,18,93524,1,0.4,3,0,0,0,0,0,0
4372,64,39,13,90024,4,0.6,2,0,0,0,0,1,0
4373,34,10,41,91765,1,2.4,2,0,0,0,0,0,0
4374,30,6,139,94501,1,4.3,1,0,0,0,0,1,0
4375,39,15,62,93955,3,2.33,1,131,0,0,1,1,1
4376,34,10,51,90032,3,2,1,130,0,0,0,0,0
4377,40,15,71,93950,3,3,1,272,0,0,0,1,0
4378,33,8,145,92507,1,2.7,3,0,1,0,0,1,0
4379,38,12,45,91768,4,1.2,2,138,0,0,0,1,0
4380,42,17,53,93023,4,1.9,3,0,0,0,0,1,0
4381,37,13,64,94105,1,1.5,3,0,0,0,0,1,0
4382,33,8,39,94542,4,0.8,1,0,0,0,0,1,0
4383,60,34,38,92182,3,2.2,3,0,0,1,0,0,0
4384,28,4,85,94709,3,2.5,1,0,0,0,0,1,0
4385,45,20,61,92717,3,2.7,2,0,0,0,0,0,1
4386,56,32,23,94610,1,1.2,3,127,0,0,0,1,1
4387,53,27,122,94305,1,2.4,1,330,0,0,0,0,0
4388,37,12,72,91380,4,0.7,3,0,0,0,0,0,0
4389,47,21,123,90840,1,7.3,1,0,0,0,0,0,0
4390,58,32,40,90057,1,1.6,1,0,0,1,1,1,1
4391,52,26,62,95134,4,2.8,2,0,0,0,0,1,0
4392,46,22,113,94105,2,3.3,1,0,0,0,0,0,1
4393,52,27,81,92634,4,3.8,2,0,0,0,0,0,0
4394,24,0,59,95521,4,1.6,1,0,0,0,0,0,0
4395,57,31,25,94523,2,0.7,2,103,0,0,0,0,0
4396,66,41,25,94720,4,0.6,2,0,0,0,0,1,1
4397,30,5,14,95014,4,0.5,3,0,0,0,0,1,0
4398,48,23,19,90058,1,0.1,1,0,0,0,0,1,0
4399,63,37,61,91942,1,2.5,3,0,0,0,0,0,0
4400,48,23,21,94904,1,0.1,1,0,0,0,0,0,0
4401,34,10,44,94143,1,1.33,1,0,0,0,0,1,0
4402,60,35,42,91902,3,1.5,1,0,0,0,0,0,1
4403,55,25,52,90095,1,1.4,3,207,0,1,0,0,0
4404,50,24,112,92064,1,0,1,0,0,0,0,0,0
4405,29,5,34,94301,1,0.4,3,0,0,0,0,0,0
4406,61,35,83,91320,2,1.7,3,245,0,0,0,1,0
4407,50,25,24,95133,4,0.4,2,137,0,0,0,1,0
4408,37,13,71,90755,2,1.7,2,0,0,0,0,1,1
4409,64,40,181,93403,2,2.3,2,0,1,0,1,1,1
4410,43,19,75,91765,4,0.2,3,102,0,0,0,1,0
4411,39,14,153,91614,2,3,1,0,0,0,0,0,0
4412,23,-2,75,90291,2,1.8,2,0,0,0,0,1,1
4413,34,10,19,91711,4,0.4,2,0,0,0,0,0,0
4414,29,2,31,91775,4,1.5,2,0,0,0,0,0,1
4415,33,8,178,94720,3,8.5,1,0,1,1,1,1,0
4416,60,35,65,90245,2,1.5,1,220,0,0,0,0,1
4417,49,25,8,94720,1,0.3,1,97,0,0,0,0,0
4418,54,28,92,92374,2,1.1,1,0,0,0,0,1,0
4419,59,34,145,95125,4,1.8,1,198,1,0,0,1,0
4420,42,17,85,93065,1,3.7,3,272,0,0,0,0,0
4421,62,38,149,92130,1,4.7,1,0,0,0,0,1,0
4422,63,38,9,94707,4,0.6,2,100,0,0,0,1,1
4423,57,31,164,94607,2,3.8,3,422,1,0,1,1,1
4424,61,36,40,95816,3,0.5,2,100,0,1,0,0,0
4425,35,10,54,93943,1,2.5,3,0,0,0,0,0,1
4426,26,0,164,95973,2,4,3,301,1,0,0,1,0
4427,33,8,140,95814,1,4.6,1,0,0,0,0,1,0
4428,31,7,18,91711,1,0.4,3,0,0,0,0,0,0
4429,51,27,12,95818,4,1,1,0,0,1,0,1,0
4430,55,29,140,94720,2,2.7,1,0,0,0,0,1,0
4431,38,12,24,94588,2,0.8,3,0,0,0,0,1,1
4432,38,12,60,92806,2,1.8,1,0,0,0,0,1,0
4433,53,27,50,92660,2,0.8,3,0,0,0,0,1,0
4434,62,38,44,92612,1,1.9,2,0,0,0,0,0,1
4435,35,9,51,94596,4,2.2,2,110,0,0,0,1,0
4436,46,21,34,90840,2,1.3,1,116,0,0,0,0,0
4437,60,35,33,90095,2,0.5,2,0,0,0,0,1,0
4438,63,38,63,92507,2,1.5,1,0,0,0,0,1,0
4439,43,18,22,90025,2,0,3,0,0,0,0,0,0
4440,33,7,104,94542,2,3.6,3,0,1,0,0,0,1
4441,43,19,75,90041,3,0.3,3,0,0,0,0,0,0
4442,62,36,75,92709,2,1.7,3,0,0,0,0,0,0
4443,48,23,62,91367,4,3.6,3,83,0,0,0,0,1
4444,38,14,48,90034,1,1.8,1,169,0,0,0,0,0
4445,36,10,73,95035,2,2.8,1,0,0,0,0,1,1
4446,49,25,135,90064,2,1.4,1,82,0,0,0,1,1
4447,61,35,61,92177,3,2.2,3,117,0,0,0,1,1
4448,49,22,78,95616,3,2,2,0,0,0,0,1,0
4449,59,34,40,94102,3,0.9,3,0,0,0,0,1,0
4450,30,6,44,95211,1,0.2,3,0,0,0,0,0,1
4451,44,20,45,94111,2,2.5,1,0,0,0,0,1,0
4452,67,41,18,92130,2,0.4,1,0,0,0,0,1,0
4453,59,35,53,90035,4,2.3,3,174,0,0,0,1,0
4454,37,11,11,94112,3,0.1,2,0,0,0,0,0,0
4455,50,24,38,94143,3,0.6,2,0,0,0,0,1,0
4456,56,31,28,94040,1,1.5,2,0,0,1,1,1,1
4457,29,3,35,94040,2,0.3,1,88,0,0,1,1,1
4458,55,29,81,92843,3,1.7,2,171,0,0,0,1,0
4459,48,22,90,94590,2,0.8,3,205,0,0,0,0,0
4460,32,8,115,90064,1,4,1,0,0,0,0,0,0
4461,47,22,78,92093,1,0.2,2,0,0,0,0,1,0
4462,46,21,30,94301,4,1.9,3,0,0,0,0,1,0
4463,33,7,39,95630,4,0.8,1,0,0,0,0,1,1
4464,39,13,69,94123,3,0.1,1,0,0,0,0,0,0
4465,60,35,29,93943,3,0.2,1,79,0,0,0,1,1
4466,39,15,54,94108,4,2.2,2,0,0,0,0,0,1
4467,34,10,60,90071,3,2.8,1,0,0,0,1,1,1
4468,55,30,99,91768,1,0.1,3,0,0,0,0,0,0
4469,67,42,51,94117,3,2.2,1,0,0,0,0,1,1
4470,40,14,53,94025,3,0.5,3,0,0,1,1,1,1
4471,44,20,111,91911,2,5.3,2,0,1,0,0,1,0
4472,56,30,79,94588,3,0.8,1,302,0,0,0,0,0
4473,50,25,90,95616,1,2.8,2,0,0,0,0,1,0
4474,31,5,18,92115,2,0.3,1,124,0,0,0,1,1
4475,66,41,73,95817,3,2.4,1,0,0,0,0,0,0
4476,43,18,59,95039,3,0.8,3,91,0,0,0,1,0
4477,58,32,40,95833,2,0.3,1,0,0,0,0,0,0
4478,33,9,41,92028,1,1.5,2,0,0,0,1,1,1
4479,33,9,53,91380,1,2.1,3,0,0,0,0,0,0
4480,32,8,128,93117,2,4.33,1,0,0,0,0,1,0
4481,55,30,145,92037,2,6,3,0,1,0,0,1,0
4482,25,-2,35,95045,4,1,3,0,0,0,0,1,0
4483,40,14,28,90404,2,0.8,3,0,0,0,0,0,0
4484,54,28,155,90095,1,1,1,256,0,0,0,1,1
4485,36,11,195,95747,2,3,1,0,0,0,0,1,1
4486,35,9,50,92182,4,2.2,2,0,0,0,0,0,0
4487,44,19,48,92735,3,0.8,3,0,0,0,0,0,1
4488,38,14,81,94583,1,3.6,2,0,0,0,0,1,1
4489,30,4,50,91030,1,1.5,1,0,0,0,0,0,0
4490,39,13,21,95518,3,0.2,2,0,0,0,0,1,0
4491,35,9,142,90250,2,0,1,0,0,1,0,1,0
4492,41,16,64,91604,4,0.4,1,0,0,0,0,1,0
4493,56,26,91,94939,1,3,3,0,0,0,0,1,1
4494,52,28,74,96064,1,2.6,2,0,0,0,0,1,1
4495,29,4,182,95354,1,3.7,3,0,1,0,0,1,0
4496,38,14,82,95616,4,2.67,1,0,0,0,0,0,0
4497,51,25,45,95616,4,2.6,1,0,0,0,0,0,0
4498,45,21,85,95136,2,3.2,1,0,0,1,0,1,0
4499,51,26,133,90291,1,0.6,1,328,0,0,0,0,0
4500,53,26,22,91304,1,0.5,2,0,0,0,0,1,1
4501,50,26,24,94305,4,0.5,2,0,0,0,0,0,1
4502,59,33,38,94132,3,2.2,3,178,0,1,1,1,1
4503,57,32,80,92647,2,0,3,0,0,0,0,0,0
4504,45,21,33,92374,3,0.5,1,108,0,0,0,1,0
4505,27,1,41,93023,4,1.8,3,147,0,0,0,0,0
4506,40,15,90,94063,4,1.1,2,0,0,1,0,1,0
4507,39,13,89,92037,1,2.8,3,153,0,0,0,1,1
4508,26,1,8,94550,2,0.9,3,0,0,0,0,0,1
4509,27,2,85,94117,1,1.9,1,0,0,0,0,1,1
4510,55,30,53,94550,3,1.7,1,0,0,0,0,1,0
4511,64,39,20,93109,3,0.1,3,0,0,0,0,0,0
4512,41,17,9,91911,1,1,1,0,0,0,0,1,1
4513,46,22,25,95747,4,0.6,1,0,0,0,0,1,1
4514,43,19,114,92325,1,1.7,1,0,0,0,0,1,0
4515,24,-3,41,91768,4,1,3,0,0,0,0,1,0
4516,29,3,49,94305,4,2.1,3,0,0,0,0,0,0
4517,58,32,12,95929,4,0.7,3,0,0,0,0,1,0
4518,45,18,50,91902,3,2.5,2,0,0,0,0,1,0
4519,53,28,30,94609,4,0.2,2,0,0,0,0,1,0
4520,45,21,32,92399,4,0.6,1,77,0,0,0,0,1
4521,32,7,41,94706,4,2,2,0,0,0,0,0,0
4522,56,31,25,95123,3,0.1,2,0,0,0,0,0,0
4523,31,5,29,90630,1,0.3,1,0,0,0,0,0,0
4524,29,4,50,94040,4,1.7,2,0,0,0,0,1,0
4525,48,24,79,94542,3,0.7,1,0,0,0,0,1,1
4526,36,11,110,94110,1,3.8,1,0,0,0,0,1,1
4527,36,9,40,92518,2,1.67,2,129,0,1,0,1,0
4528,41,16,18,90024,1,0.6,3,0,0,0,0,0,1
4529,48,23,48,94086,1,0.3,1,0,0,0,0,0,0
4530,27,0,40,92103,4,1,3,0,0,0,0,0,0
4531,33,9,19,95370,2,1,2,92,0,0,0,1,0
4532,31,7,35,94025,1,1.33,1,131,0,0,0,0,1
4533,48,22,133,90073,2,3.1,2,0,1,0,0,1,0
4534,59,34,19,95762,2,0.5,2,0,0,0,0,1,0
4535,41,17,83,94025,4,2.67,1,0,0,0,0,1,0
4536,42,18,39,96091,3,2.1,3,0,0,0,0,0,0
4537,62,37,38,92354,3,0.5,2,0,0,0,0,0,0
4538,62,36,63,95929,1,2.5,3,0,0,0,0,1,1
4539,51,24,85,94305,3,2,2,0,0,0,0,0,0
4540,48,24,14,94305,4,1,1,0,0,0,0,1,0
4541,56,32,64,90210,4,1.5,1,0,0,0,0,1,0
4542,62,38,124,95023,1,3.8,1,405,0,0,0,1,0
4543,53,29,20,94131,1,0.2,1,0,0,1,1,1,1
4544,62,38,33,95134,3,0.1,3,0,0,0,0,1,0
4545,28,4,80,95819,3,2.5,1,0,0,0,0,1,0
4546,61,35,35,90025,2,0.2,3,0,0,0,0,1,0
4547,48,24,74,91109,3,0.7,1,0,0,1,0,1,0
4548,50,25,32,94304,2,0.7,2,0,0,0,0,1,0
4549,58,33,73,93109,4,0.7,1,241,0,0,0,0,0
4550,53,29,41,94080,2,0.8,1,0,0,0,0,1,0
4551,65,40,18,95621,1,1.5,2,0,0,0,0,1,0
4552,27,0,28,91330,4,1.5,2,0,0,0,0,1,0
4553,50,23,64,92037,1,2.67,2,0,0,0,0,0,0
4554,50,25,44,92093,2,0.7,2,192,0,0,0,1,0
4555,41,16,109,94801,3,1,1,0,0,1,0,1,0
4556,43,19,71,95054,3,0.3,3,179,0,0,0,0,0
4557,55,29,79,94608,2,1.1,1,0,0,1,0,1,0
4558,33,9,30,95054,2,1,2,0,0,0,0,1,0
4559,44,19,82,95521,2,0.4,1,0,0,0,0,1,1
4560,47,20,101,91950,3,2,2,270,0,0,0,1,0
4561,43,18,13,94709,2,0.1,2,0,0,0,1,1,1
4562,59,33,59,91365,3,1.4,3,0,0,0,0,0,0
4563,65,40,64,94928,2,1.5,1,0,0,0,0,0,1
4564,28,2,188,92350,2,4.5,1,0,0,1,0,1,0
4565,58,32,28,90095,2,0.3,1,148,0,0,0,0,0
4566,33,8,120,92614,2,4.2,3,76,1,0,0,0,1
4567,24,0,131,92831,1,5.4,1,0,0,0,0,1,0
4568,46,20,19,94105,3,0.5,2,97,0,1,0,1,0
4569,26,0,44,94305,4,1.3,3,0,0,1,0,0,0
4570,47,21,49,92152,3,2.2,2,0,0,1,0,0,0
4571,32,6,99,91902,2,4.5,3,249,0,0,0,1,0
4572,58,28,95,94304,1,3,3,0,0,0,0,0,0
4573,32,7,81,95112,4,1.8,3,0,0,0,0,1,0
4574,46,20,73,95616,2,0.8,3,264,0,0,1,1,1
4575,35,11,193,91765,2,6.5,1,0,0,0,0,0,1
4576,53,27,115,90095,2,0.5,3,0,1,0,0,0,0
4577,55,30,41,93003,2,0.6,3,0,0,0,0,1,1
4578,63,37,80,90401,2,1.7,3,0,0,0,0,1,1
4579,45,20,90,94143,4,1.1,2,0,0,0,0,1,1
4580,58,32,41,94305,1,0.2,1,81,0,0,0,1,0
4581,50,24,102,91103,2,6.3,1,0,0,0,0,1,0
4582,37,13,59,94234,1,1.5,3,0,0,0,0,0,1
4583,25,-1,69,92691,3,0.3,3,0,0,0,0,1,0
4584,52,26,83,92521,1,3.1,1,0,1,0,0,1,0
4585,26,0,49,90089,3,2.4,2,0,0,0,0,0,0
4586,35,11,180,94010,1,3.6,3,571,1,0,1,1,1
4587,58,32,61,91910,3,2.2,3,0,0,0,0,1,1
4588,37,11,59,94720,4,0.2,3,0,0,0,0,0,0
4589,35,10,85,95351,4,2.1,3,0,0,0,0,0,1
4590,31,7,13,93727,1,0.5,3,0,0,0,0,1,0
4591,58,34,151,94022,3,0.6,2,0,1,0,0,0,0
4592,43,16,44,94577,3,1,2,0,0,0,0,1,0
4593,43,18,53,92115,3,0.8,3,154,0,0,0,0,0
4594,54,30,133,95747,1,5,2,0,1,0,0,0,1
4595,53,27,31,91320,3,0.9,3,78,0,0,0,1,0
4596,32,7,101,90232,4,2.2,2,0,0,0,0,1,0
4597,37,13,61,95131,3,2.8,1,0,0,0,0,0,0
4598,34,10,68,90095,3,2.6,2,0,0,0,0,0,0
4599,51,26,21,94143,4,0.8,1,0,0,0,0,1,0
4600,49,25,149,90024,2,0.4,1,0,0,0,0,1,0
4601,54,24,75,93555,1,1.4,3,0,0,0,0,0,0
4602,37,12,55,95630,1,2.5,3,0,0,0,0,1,0
4603,57,32,81,94305,2,3.7,1,226,0,0,0,1,1
4604,37,12,179,91768,1,8.6,1,0,0,0,0,1,0
4605,32,7,81,90601,2,3.4,2,0,1,0,0,0,1
4606,48,22,42,94611,1,1.2,2,0,0,0,0,0,0
4607,44,20,199,94607,2,6.67,1,0,0,0,0,1,0
4608,50,23,18,93117,1,0.5,2,0,0,0,0,1,1
4609,44,19,28,91604,1,0.3,3,0,0,0,0,1,0
4610,54,28,80,95006,4,2.6,3,143,0,0,0,0,0
4611,37,13,79,91330,1,3.6,2,104,0,0,0,1,0
4612,34,7,52,93940,2,1,2,0,0,0,0,1,0
4613,32,6,18,92007,2,0.3,2,0,0,0,0,1,0
4614,63,38,52,91361,4,1.7,1,218,0,0,0,1,1
4615,56,30,15,92093,4,0.7,3,102,0,0,0,0,0
4616,37,12,84,93943,4,0.7,3,0,0,0,0,1,0
4617,66,41,114,92521,1,0.8,3,0,0,0,0,1,1
4618,38,13,41,95521,3,0.5,3,0,0,0,0,0,1
4619,35,9,29,95354,3,0.9,1,126,0,0,0,1,0
4620,61,36,23,95521,1,0.1,1,96,0,0,0,0,0
4621,52,26,84,94132,1,2.4,1,0,0,0,0,1,0
4622,57,32,60,93407,3,1.7,1,0,0,1,1,1,1
4623,47,20,13,94545,3,0.67,2,0,0,0,0,1,0
4624,50,25,45,90813,2,0.6,3,0,0,0,0,0,0
4625,36,11,83,90638,1,2.8,1,0,0,0,0,0,0
4626,45,21,102,92037,4,4.7,2,81,1,0,0,0,0
4627,58,34,58,90034,4,2.3,3,169,0,0,0,1,0
4628,27,1,134,93106,1,1.7,2,307,1,0,0,1,0
4629,27,1,130,94801,3,2.9,2,0,1,0,0,0,0
4630,48,24,148,91311,2,3.3,1,0,0,0,1,1,1
4631,46,21,92,92886,1,0.2,2,0,0,0,0,0,0
4632,32,8,142,90095,4,6.2,2,120,1,0,1,1,1
4633,54,29,62,94720,4,0.7,1,0,0,0,0,0,1
4634,31,5,50,93106,1,1.5,1,0,0,0,0,1,0
4635,42,17,29,94928,1,0.6,3,0,0,0,0,1,0
4636,30,5,85,91910,2,2.5,1,293,0,1,1,1,1
4637,41,16,78,95616,4,0.4,1,0,0,0,0,1,0
4638,44,19,85,92054,4,1.9,3,0,0,0,0,1,1
4639,37,13,89,91711,2,1.7,2,0,0,0,0,1,0
4640,51,25,33,92866,3,0.9,3,0,0,0,0,1,1
4641,30,6,42,90034,1,2.1,3,0,0,0,0,1,0
4642,36,11,31,94022,4,1.7,1,124,0,0,0,1,1
4643,65,40,143,95616,4,6.6,2,0,1,0,0,1,0
4644,33,7,35,95616,4,0.8,1,0,0,0,0,1,0
4645,58,34,22,94608,1,0.1,2,0,0,0,0,1,0
4646,34,10,45,92038,1,1.7,1,84,0,0,0,0,0
4647,38,13,119,94545,2,3.3,1,0,0,0,0,0,0
4648,59,35,43,95616,4,1.3,1,0,0,0,0,1,0
4649,37,11,75,94704,3,0.9,2,0,0,0,0,1,0
4650,59,35,121,91423,1,4.3,1,0,0,0,0,1,0
4651,47,23,63,95521,1,0.8,3,0,0,0,0,1,0
4652,48,24,58,94005,2,1.7,1,0,0,0,0,0,0
4653,38,12,184,91311,3,8,1,0,1,0,0,1,0
4654,34,10,155,92780,2,6.5,1,0,0,0,0,1,1
4655,44,17,69,90095,3,2.67,2,0,0,0,0,0,0
4656,33,7,188,95054,2,7,2,581,1,0,0,0,0
4657,47,21,38,91101,3,0.6,2,0,0,1,0,0,0
4658,41,16,9,90089,2,0.3,2,0,0,0,0,0,1
4659,36,11,69,95929,4,2.1,3,0,0,0,0,1,1
4660,28,4,199,92121,1,6.33,1,0,0,0,0,0,0
4661,59,35,38,92122,1,0.8,1,0,0,0,0,1,0
4662,43,19,129,95039,1,5,1,0,0,1,0,1,0
4663,56,31,59,94303,2,1.9,2,0,0,0,0,1,0
4664,28,3,115,92407,1,1.9,1,200,0,0,0,1,0
4665,62,37,83,93657,4,0.1,2,0,0,0,0,0,0
4666,40,16,65,90095,2,3.2,1,0,0,0,0,1,0
4667,34,9,72,94555,3,2.3,1,124,0,0,0,0,0
4668,52,28,72,94720,1,1.6,3,0,0,0,0,1,0
4669,40,14,63,94025,3,0.5,3,221,0,0,0,1,0
4670,27,1,64,94501,4,1.8,2,0,0,0,0,1,1
4671,52,26,194,94305,1,1.7,1,0,0,0,0,1,0
4672,39,14,104,95035,1,4,3,0,0,0,1,1,1
4673,52,26,180,95831,1,1.7,1,550,0,0,0,1,0
4674,50,23,18,95503,2,1,2,88,0,0,0,1,1
4675,40,14,93,93933,1,2.8,3,328,0,1,1,1,1
4676,35,11,32,91360,1,1.33,1,137,0,0,0,1,1
4677,39,13,68,91950,3,2.1,1,0,0,1,0,1,0
4678,25,0,38,93407,2,1.6,3,0,0,0,0,0,0
4679,33,7,115,93305,1,2.7,2,283,0,0,0,1,0
4680,26,0,161,94551,2,7.2,1,0,0,0,0,0,0
4681,46,21,154,90245,2,2.8,1,94,0,0,0,0,0
4682,27,3,68,95503,4,0,1,0,0,0,0,0,1
4683,55,25,44,92093,3,1,3,0,0,0,0,1,0
4684,52,28,149,92121,2,0.4,1,0,0,0,0,0,0
4685,59,34,103,91360,1,2.6,1,0,0,0,0,1,0
4686,63,39,41,91355,4,1.3,2,0,0,0,0,1,0
4687,61,35,113,91741,2,2.8,1,0,0,0,0,0,0
4688,58,34,48,93460,4,1.3,2,0,0,0,0,1,1
4689,29,3,69,92093,4,1.8,2,0,0,0,0,1,1
4690,51,27,43,95053,4,1.1,2,164,0,0,0,1,1
4691,59,34,19,92192,1,0.3,3,0,0,0,0,1,0
4692,41,17,65,90024,3,2.1,3,0,0,0,0,1,0
4693,59,35,32,92064,3,0.4,2,0,0,0,0,0,1
4694,52,28,20,95616,1,0.3,1,0,0,0,0,0,0
4695,39,13,25,94132,2,0.8,3,0,0,0,0,0,0
4696,45,19,70,95605,1,2.8,1,0,0,0,0,0,1
4697,59,35,70,92103,4,2.3,3,0,0,0,0,0,0
4698,49,22,103,91330,3,2,2,167,0,0,0,0,0
4699,48,22,162,94143,3,1.4,1,400,1,0,0,0,0
4700,61,36,61,91320,2,2.8,1,153,0,0,0,0,1
4701,31,7,170,95006,1,6,1,0,0,0,0,1,0
4702,42,16,49,90034,1,2.8,1,0,0,0,0,0,0
4703,35,5,108,90630,2,2.75,3,0,1,1,0,0,0
4704,57,27,62,94025,3,2,3,0,0,0,0,1,0
4705,54,28,102,91360,3,1.7,2,0,0,0,0,1,0
4706,61,37,141,92677,3,0.7,1,0,1,0,1,1,1
4707,60,36,8,92626,2,1,1,0,0,0,0,0,0
4708,59,35,91,95008,2,1.6,1,0,0,1,0,0,1
4709,62,37,10,92606,3,0.5,1,0,0,0,0,1,0
4710,26,1,35,90089,2,1.7,2,119,0,0,0,0,1
4711,41,17,71,92182,3,0.3,3,0,0,0,0,0,1
4712,65,40,59,94022,3,2.4,1,0,0,0,0,0,0
4713,25,0,14,94309,2,0.9,3,0,0,0,0,0,1
4714,25,1,122,93022,2,0.2,1,0,0,0,0,1,0
4715,27,3,81,90291,3,1.5,1,307,0,1,1,1,1
4716,65,39,35,92009,1,0.5,3,150,0,0,0,1,0
4717,60,34,83,95616,2,1.4,1,75,0,1,0,1,0
4718,29,5,121,95449,1,1.5,1,0,0,0,0,1,0
4719,32,6,35,91107,3,1,1,0,0,1,0,1,0
4720,32,8,140,94102,4,6.6,3,0,1,0,1,0,1
4721,41,15,88,90740,1,2.8,3,0,0,1,0,0,0
4722,52,26,70,94117,2,1.1,1,0,0,1,0,1,0
4723,40,16,63,92807,1,1.5,3,0,0,0,0,0,0
4724,39,15,125,90250,1,3.5,1,0,0,0,0,1,1
4725,34,8,21,94107,4,1,1,0,0,0,0,0,0
4726,34,8,75,95814,2,1.8,1,0,0,0,0,0,0
4727,34,10,38,95039,1,1.33,1,0,0,1,0,1,0
4728,41,17,58,92009,4,2.67,1,0,0,0,0,1,1
4729,59,35,31,90630,3,0.4,2,0,0,0,0,1,0
4730,40,14,18,90049,4,1.5,3,0,0,0,0,0,0
4731,52,27,29,94720,1,1.5,2,159,0,0,0,0,1
4732,37,11,29,91711,2,1.4,3,0,0,0,0,1,1
4733,39,13,69,92096,3,0.1,1,247,0,0,0,0,0
4734,49,23,121,90032,1,4.9,1,0,0,0,0,1,0
4735,63,39,64,95814,1,1.8,3,147,0,0,0,1,1
4736,34,9,84,94707,4,2.2,2,323,0,0,0,1,0
4737,51,25,65,94143,3,0.7,2,0,0,0,0,0,0
4738,61,36,85,94998,3,1.8,2,0,0,0,0,0,0
4739,56,32,44,94575,3,1.5,1,153,0,0,0,1,0
4740,62,38,174,94305,1,4.7,1,0,0,0,0,1,1
4741,56,30,178,93940,1,2.9,1,0,0,0,0,1,0
4742,58,32,55,93106,4,2.5,1,0,0,0,0,1,0
4743,58,33,25,92121,4,0.9,2,90,0,0,0,1,1
4744,50,26,21,94305,1,0.2,1,0,0,0,0,1,0
4745,44,20,72,95616,3,0.3,3,0,0,0,0,1,0
4746,49,23,129,94085,1,0.3,1,0,0,0,0,1,1
4747,31,7,18,95616,1,0.4,3,0,0,0,0,1,0
4748,49,25,91,94704,4,1.4,2,0,0,0,0,1,0
4749,43,18,38,94309,1,0.5,3,144,0,0,0,1,0
4750,31,5,21,94115,3,1,1,0,0,0,0,1,0
4751,66,41,38,95134,1,1.1,3,0,0,0,0,0,1
4752,41,17,154,92697,1,1.7,1,0,0,0,0,0,1
4753,39,14,178,92123,1,4.1,1,207,0,0,0,1,0
4754,46,21,85,92867,1,0.2,2,0,0,1,1,1,1
4755,57,33,93,94025,2,1.6,1,161,0,0,0,0,0
4756,59,35,151,93106,2,6,1,0,0,0,0,1,0
4757,30,4,78,92677,4,2.2,2,236,0,1,0,0,0
4758,26,2,135,94588,1,1.5,1,0,0,0,0,0,0
4759,46,21,40,90045,1,0.3,1,116,0,0,0,0,0
4760,66,41,80,92093,4,0.1,2,0,0,0,0,1,0
4761,50,25,18,95819,2,0,1,0,0,0,0,0,1
4762,61,35,74,91320,2,0.7,2,0,0,0,0,1,1
4763,37,7,94,91016,4,1.8,3,232,0,0,0,1,0
4764,51,25,173,95051,1,0.5,2,0,1,0,0,1,0
4765,56,32,88,95051,4,1,2,0,0,0,0,1,1
4766,58,34,82,94025,1,4.3,1,263,0,0,0,0,0
4767,41,15,54,91775,3,2.1,1,0,0,0,0,1,0
4768,35,9,45,90639,3,0.9,1,101,0,1,0,0,0
4769,38,14,39,93118,1,2,2,0,0,0,0,1,0
4770,26,2,20,95064,4,1,1,116,0,0,0,0,0
4771,35,5,93,90095,4,1.8,3,0,0,0,0,0,1
4772,36,11,85,90502,3,1.2,3,0,0,0,0,1,0
4773,26,2,95,92130,3,0.8,1,0,0,0,0,1,0
4774,53,28,48,92029,2,1.9,2,0,0,0,0,1,0
4775,56,32,22,91768,1,1.2,3,0,0,0,0,1,1
4776,44,14,33,94063,1,0.75,3,171,0,0,0,0,0
4777,47,23,40,95123,2,2.1,3,156,0,0,0,1,0
4778,32,8,30,94534,4,0.4,2,78,0,0,0,1,0
4779,52,27,22,90755,4,0.8,1,0,0,0,0,1,1
4780,39,14,20,90747,1,0.6,3,0,0,0,0,1,0
4781,47,20,49,92104,3,2.5,2,0,0,0,0,1,0
4782,35,9,25,94526,3,0.1,2,0,0,1,0,1,0
4783,26,0,150,91311,2,7.2,1,0,0,0,0,0,1
4784,43,19,32,94720,4,0.3,1,0,0,0,0,0,0
4785,52,28,9,90405,2,0.2,1,0,0,0,0,0,0
4786,30,5,23,94304,2,0.9,3,0,0,1,0,1,0
4787,36,12,18,95521,4,1,1,0,0,0,0,1,1
4788,48,22,42,95054,3,0.6,2,121,0,0,0,1,0
4789,36,10,39,92009,1,2,1,153,0,0,0,0,0
4790,58,34,84,95120,4,1.6,2,0,0,0,0,1,0
4791,35,11,101,94143,3,3.8,3,150,1,0,0,1,0
4792,59,35,43,91791,4,0.4,1,0,0,0,0,0,1
4793,36,10,28,90840,4,1,1,130,0,0,0,1,0
4794,45,21,59,94703,2,2.5,1,155,0,0,0,1,0
4795,56,30,29,94110,4,1.5,3,146,0,0,0,0,0
4796,46,21,39,91710,2,1.3,1,101,0,0,0,1,0
4797,26,0,42,95032,4,1.3,3,0,0,1,0,0,0
4798,37,11,24,94115,4,1,1,0,0,0,0,0,0
4799,44,20,62,91604,3,0.3,3,0,0,0,0,0,1
4800,44,20,33,94306,4,0.3,1,142,0,0,0,0,1
4801,33,7,73,94028,1,2.5,1,135,0,0,0,0,0
4802,34,10,88,94404,2,0,1,121,0,0,0,1,0
4803,35,11,58,91330,3,2.8,1,0,0,0,0,1,0
4804,48,24,48,92064,2,2.1,3,0,0,0,0,1,0
4805,58,32,40,94124,1,2.8,2,0,0,0,0,0,0
4806,30,6,160,90630,1,4.3,1,249,0,0,0,1,0
4807,62,37,39,93117,3,1.5,1,0,0,0,0,1,0
4808,40,14,53,90064,1,2,1,0,0,0,0,1,1
4809,42,16,32,90033,3,0.5,2,0,0,0,0,0,1
4810,43,19,32,94501,3,0.6,2,0,0,0,0,0,0
4811,58,34,11,92037,2,0.3,1,96,0,0,0,1,0
4812,36,12,123,90502,2,3,3,0,1,0,0,0,0
4813,29,4,184,92126,4,2.2,3,612,1,0,0,1,0
4814,49,23,60,95023,3,0.7,2,142,0,0,0,1,1
4815,60,34,41,90064,3,2.2,3,0,0,0,0,0,1
4816,58,32,99,92697,2,1.4,1,0,0,0,0,0,1
4817,50,24,83,92333,3,3,2,0,0,0,0,0,1
4818,46,22,134,93305,2,3.3,1,0,0,0,0,0,0
4819,45,19,85,94112,2,1.7,2,0,0,0,0,1,0
4820,32,6,41,95833,3,0.9,1,179,0,0,0,0,0
4821,42,17,44,94124,1,0.3,3,0,0,1,1,1,1
4822,30,6,62,95831,1,0.1,1,0,0,0,0,1,1
4823,60,36,149,92007,1,4.7,1,0,0,0,0,1,0
4824,46,21,115,95616,2,4.2,3,0,1,1,1,1,1
4825,32,6,25,96001,3,1,1,0,0,0,0,1,0
4826,56,32,84,95014,2,1.6,1,0,0,0,0,1,0
4827,56,31,81,93943,2,0,3,225,0,0,0,0,0
4828,30,6,181,91203,1,4.3,1,230,0,0,0,1,0
4829,52,28,62,90089,1,1.8,3,0,0,0,0,1,0
4830,31,7,11,94304,1,0.5,3,80,0,0,0,1,1
4831,37,12,60,95616,4,2.1,3,217,0,0,0,1,0
4832,30,6,42,91711,1,2.1,3,144,0,0,0,0,1
4833,29,4,83,91950,4,2.2,2,0,0,0,0,1,1
4834,49,24,109,92647,1,0.6,1,0,0,0,0,0,0
4835,49,23,70,94305,1,0.3,1,217,0,0,0,0,0
4836,65,39,25,95370,2,0.4,1,113,0,0,0,1,0
4837,54,24,72,93943,3,1.4,3,218,0,0,0,0,1
4838,36,10,183,95348,2,0,1,0,0,0,0,0,0
4839,56,30,44,91330,4,2.5,1,0,0,0,0,0,1
4840,34,8,52,95060,4,0.2,1,0,0,0,0,1,0
4841,33,9,18,91768,4,0.4,2,0,0,0,0,1,0
4842,59,35,40,92870,4,0.4,1,135,0,0,0,1,0
4843,49,23,174,95449,3,4.6,2,590,1,0,0,0,0
4844,61,34,41,94123,4,2.5,2,0,0,0,0,1,0
4845,31,6,81,90840,2,2.5,1,313,0,0,0,0,0
4846,45,21,128,94305,1,4.7,1,0,0,0,0,0,0
4847,35,10,135,94596,3,4.8,2,0,1,0,0,1,0
4848,37,11,65,94143,2,2.4,2,260,0,0,0,1,0
4849,58,32,145,94920,2,0.5,1,119,0,0,0,1,0
4850,49,25,65,90007,2,1,3,0,0,0,0,1,1
4851,63,39,119,91330,1,2.9,1,0,0,1,0,1,0
4852,55,31,124,93407,2,0.3,1,0,0,0,0,1,0
4853,38,12,33,94708,4,1.5,3,0,0,1,0,0,1
4854,45,19,41,91109,1,0.2,1,0,0,0,0,1,0
4855,44,20,105,91730,1,4.7,1,0,0,0,0,0,1
4856,58,32,130,94720,2,2.7,1,0,0,0,0,1,0
4857,56,31,80,92069,4,1.3,3,0,0,0,0,1,0
4858,37,13,115,90025,1,0.8,2,0,0,0,0,1,1
4859,50,24,62,94550,2,0.8,3,0,0,0,0,1,0
4860,34,8,165,91107,1,7,3,541,1,0,0,0,0
4861,51,25,34,93106,3,0.6,2,128,0,0,0,1,0
4862,49,24,18,95616,1,0.4,3,121,0,0,0,1,0
4863,33,7,44,95605,1,0.3,1,0,0,0,0,0,0
4864,61,35,25,91768,1,0.8,2,142,0,0,0,1,0
4865,41,16,52,91311,2,2.2,3,0,0,0,0,1,0
4866,50,24,133,90025,4,1.4,2,342,1,0,0,0,1
4867,41,17,71,94801,2,3.2,1,0,0,0,0,1,1
4868,38,12,61,94598,4,0.2,3,0,0,0,0,1,0
4869,51,27,62,94063,2,3.2,3,118,0,0,0,0,1
4870,63,39,33,92121,3,0.1,3,0,0,0,0,0,1
4871,55,30,28,94040,2,2,2,0,0,0,0,1,1
4872,46,22,53,95616,4,1.9,1,187,0,0,0,0,0
4873,27,3,69,94305,3,0.7,2,0,0,0,0,1,1
4874,59,35,165,94309,2,6,1,0,0,0,0,1,0
4875,26,0,75,94061,3,0.3,3,0,0,0,0,0,0
4876,61,36,54,94539,3,1.5,1,0,0,0,0,1,0
4877,44,19,142,95054,1,1.5,3,0,1,0,0,0,0
4878,53,29,53,92648,4,0.1,3,0,0,0,0,0,0
4879,34,9,41,92093,1,1,1,0,0,0,0,1,0
4880,40,15,43,90095,4,1.7,1,98,0,0,0,0,0
4881,56,32,79,92037,3,2.67,1,0,0,0,0,1,0
4882,57,32,24,92346,2,0.2,3,140,0,0,0,1,0
4883,43,19,73,94301,3,2.33,1,0,0,1,1,1,1
4884,38,13,129,92646,3,4.1,3,0,1,0,1,1,1
4885,60,34,50,95670,3,2.2,3,0,0,0,0,1,1
4886,54,30,28,92103,2,0.8,1,0,0,0,0,1,0
4887,51,26,64,94005,4,1.8,3,0,0,0,0,0,0
4888,41,15,49,90245,3,0.9,3,0,0,0,1,1,1
4889,25,1,121,93106,1,5.4,1,158,0,0,0,1,0
4890,58,28,58,90073,3,2,3,0,0,0,0,1,0
4891,61,35,51,93555,3,1.4,3,0,0,0,0,1,0
4892,56,31,61,90024,4,0.9,1,0,0,1,1,1,1
4893,43,19,35,94112,1,0.3,3,120,0,1,0,1,0
4894,42,12,39,94704,3,2,3,0,0,1,1,1,1
4895,48,22,74,93950,1,1.4,3,0,0,1,0,0,0
4896,45,20,201,92120,2,2.8,1,0,0,0,0,1,1
4897,40,15,81,94304,2,0.4,1,0,0,0,0,1,0
4898,43,18,44,91345,1,2.4,1,0,0,0,0,0,0
4899,52,26,19,94143,1,1.4,3,96,0,0,0,1,0
4900,54,29,85,94928,4,1.3,3,299,0,0,0,1,0
4901,26,1,74,90028,4,2.2,1,0,0,0,0,1,0
4902,26,0,54,96094,3,1.1,2,0,0,0,0,1,0
4903,33,8,58,90505,2,2.5,1,0,0,0,0,1,0
4904,40,15,18,94534,2,0.1,2,119,0,0,0,1,1
4905,64,40,88,94305,1,3.8,1,243,0,0,0,1,1
4906,62,37,19,93109,3,0.5,1,89,0,0,0,0,0
4907,54,28,49,94608,1,2.2,3,128,0,0,0,0,0
4908,34,9,101,94080,3,0.6,2,0,0,0,0,0,0
4909,40,16,138,92121,2,6.1,1,0,0,0,0,1,0
4910,41,16,25,95014,2,0.1,2,0,0,0,0,0,1
4911,48,22,120,90291,1,0,1,0,0,0,0,1,0
4912,46,22,153,94539,2,7.5,1,0,0,0,0,0,0
4913,51,26,28,94061,1,1.3,2,94,0,1,0,1,0
4914,30,4,110,93943,1,2.9,3,0,0,0,0,1,0
4915,65,39,94,92374,1,2,1,0,0,0,0,0,1
4916,49,24,48,93117,1,1.3,2,0,0,0,0,0,1
4917,29,5,123,90291,2,0.6,1,0,0,0,0,1,0
4918,36,10,33,95616,4,1.2,2,82,0,1,0,1,0
4919,50,25,42,90232,2,0.7,2,110,0,0,0,0,1
4920,41,16,68,92122,3,3,1,0,0,0,0,1,1
4921,42,16,28,94002,4,1.5,3,91,0,0,0,1,1
4922,37,11,42,95814,3,0.5,3,0,0,0,0,1,1
4923,31,5,28,90717,1,0.3,1,0,0,0,0,1,1
4924,40,15,73,92029,3,3,1,0,0,0,0,1,1
4925,36,12,89,91304,2,2.7,1,0,0,0,0,0,0
4926,64,39,82,94025,4,3.4,2,0,0,0,0,1,0
4927,37,13,83,92220,2,1.7,2,0,0,0,0,0,1
4928,43,19,121,94720,1,0.7,2,0,1,0,1,1,1
4929,57,33,28,90245,1,1.2,3,98,0,0,0,1,0
4930,62,36,39,92028,2,0.3,1,0,0,0,0,1,0
4931,63,38,110,90095,3,1.8,2,109,0,0,0,1,0
4932,57,27,55,95616,1,1.4,3,0,0,0,0,1,0
4933,59,35,111,91107,1,4.3,1,0,0,0,0,1,0
4934,47,23,94,92029,1,4.7,1,0,0,0,0,1,1
4935,26,0,85,93950,2,1.6,3,0,0,0,0,1,1
4936,59,33,81,94022,2,1.4,1,0,0,0,0,1,0
4937,45,20,94,92009,3,0.5,3,0,0,0,0,0,0
4938,33,8,162,94960,1,8.6,1,0,0,0,1,1,1
4939,61,35,80,95973,4,1.7,3,0,0,0,0,1,0
4940,54,29,70,92093,3,2,2,116,0,0,0,1,1
4941,46,22,19,92870,3,0.5,1,0,0,0,0,1,0
4942,28,4,112,90049,2,1.6,2,0,1,0,0,1,0
4943,52,26,109,94710,1,2.4,1,308,0,0,1,1,1
4944,26,0,12,96003,1,0.1,2,0,0,0,0,1,0
4945,49,24,33,92093,3,1.7,2,0,0,0,0,1,0
4946,42,18,49,95351,2,1.7,1,106,0,0,0,0,1
4947,51,26,42,93118,1,1.3,2,0,0,0,0,1,0
4948,39,13,41,95064,2,0.3,1,108,0,0,0,1,1
4949,44,20,43,95032,1,0.7,1,0,0,0,0,0,1
4950,29,5,64,94114,4,0,1,249,0,0,0,0,1
4951,47,23,19,90089,1,1,1,0,0,0,0,0,1
4952,53,27,65,92124,1,2.2,3,0,0,0,0,1,1
4953,29,3,53,94005,4,1.8,3,0,0,0,0,1,0
4954,47,21,32,95051,3,1.5,1,75,0,0,0,1,0
4955,45,19,22,94904,3,1.5,1,0,0,0,0,1,1
4956,63,37,39,91207,2,0.7,3,0,0,0,0,1,1
4957,39,13,59,94109,4,0.2,3,0,0,1,0,0,1
4958,29,-1,50,95842,2,1.75,3,0,0,0,0,0,1
4959,50,26,19,90095,1,0.9,3,0,0,0,0,0,0
4960,51,27,55,93014,1,1.6,2,197,0,1,0,1,0
4961,58,28,81,91604,1,3,3,0,0,0,0,1,0
4962,39,14,108,91401,3,1.2,3,0,0,0,0,1,1
4963,46,20,122,90065,3,3,3,0,1,0,1,1,1
4964,32,6,98,95054,2,4.5,3,306,0,0,0,0,0
4965,53,27,110,90245,1,4.9,1,0,0,0,0,1,0
4966,29,5,33,94709,1,1.8,2,78,0,0,0,1,0
4967,41,17,34,91361,1,0.7,1,143,0,0,0,0,0
4968,41,16,69,92697,1,0.1,2,0,0,0,0,1,0
4969,58,32,41,93022,4,2.5,1,0,0,0,0,1,1
4970,45,19,60,94143,2,0.4,3,250,0,0,0,1,0
4971,37,13,95,95821,2,1.7,2,0,0,0,0,0,1
4972,58,28,73,90024,1,1.4,3,0,0,1,0,0,0
4973,58,32,41,93401,3,2.2,3,148,0,0,0,1,1
4974,31,1,68,95045,4,4,3,0,0,0,0,1,0
4975,59,33,64,92867,4,1.7,2,0,0,0,0,0,1
4976,38,11,29,95207,4,1,2,0,0,0,0,1,0
4977,29,5,31,95039,1,1.8,2,0,0,0,0,1,1
4978,40,15,54,90266,3,0.8,3,0,0,0,0,1,0
4979,57,27,63,90210,4,2,3,0,0,0,0,1,0
4980,50,26,92,90740,1,2.6,2,213,0,0,0,0,1
4981,29,5,135,95762,3,5.3,1,0,1,0,1,1,1
4982,34,9,195,90266,2,3,1,122,0,0,0,1,0
4983,36,10,45,95126,4,0.2,1,0,0,0,0,0,1
4984,51,26,72,95370,1,2.9,1,0,0,0,0,0,0
4985,27,1,98,94043,4,2.3,3,0,0,0,0,0,1
4986,48,23,30,94720,3,1.7,2,162,0,0,0,1,0
4987,32,6,78,95825,1,2.9,3,0,0,0,0,0,0
4988,48,23,43,93943,3,1.7,2,159,0,0,0,1,0
4989,34,8,85,95134,1,2.5,1,136,0,0,0,0,1
4990,24,0,38,93555,1,1,3,0,0,0,0,1,0
4991,55,25,58,95023,4,2,3,219,0,0,0,0,1
4992,51,25,92,91330,1,1.9,2,100,0,0,0,0,1
4993,30,5,13,90037,4,0.5,3,0,0,0,0,0,0
4994,45,21,218,91801,2,6.67,1,0,0,0,0,1,0
4995,64,40,75,94588,3,2,3,0,0,0,0,1,0
4996,29,3,40,92697,1,1.9,3,0,0,0,0,1,0
4997,30,4,15,92037,4,0.4,1,85,0,0,0,1,0
4998,63,39,24,93023,2,0.3,3,0,0,0,0,0,0
4999,65,40,49,90034,3,0.5,2,0,0,0,0,1,0
5000,28,4,83,92612,3,0.8,1,0,0,0,0,1,1
